name,password,employee_id,phone_number,job_role,work_location,salary,manager_id
Alan Schnitzer,Password123!,10000,729-201-5955,CEO,"Hartford, CT",16778800,10000
Olivia Davis,Password123!,10001,763-122-9344,Data Engineer Manager,"New York, NY",258595.72,10000
Theodore Lettick,Password123!,10002,764-886-6866,Junior Data Engineer,"New York, NY",158211.14,10001
Lucas Rodriguez,Password123!,10003,916-005-0173,Senior Data Engineer,"Hunt Valley, MD",151014.95,10001
Lucas Smith,Password123!,10004,878-866-1564,Senior Data Engineer,"New York, NY",220555.55,10001
Mia Brown,Password123!,10005,865-054-5938,Junior Data Engineer,"Hunt Valley, MD",106683.52,10001
Sophia Williams,Password123!,10006,983-150-9231,Junior Data Engineer,"Hartford, CT",112442.59,10001
Elijah Garcia,Password123!,10007,896-844-6749,Senior Data Engineer,"Hartford, CT",164933.48,10001
Ava Thomas,Password123!,10008,846-858-4440,Junior Data Engineer,"Hunt Valley, MD",105558.17,10001
Elijah Moore,Password123!,10009,818-270-5340,Junior Data Engineer,"Hunt Valley, MD",106016.39,10001
Lucas Jones,Password123!,10010,839-834-4026,Senior Data Engineer,"New York, NY",243020.05,10001
Lucas Johnson,Password123!,10011,964-392-9443,Junior Data Engineer,"Saint Paul, MN",98224.93,10001
Amelia Thomas,Password123!,10012,701-209-1514,Junior Data Engineer,"Saint Paul, MN",98773.05,10001
Ava Anderson,Password123!,10013,753-105-6783,Senior Data Engineer,"Hunt Valley, MD",146745.95,10001
Elijah Hernandez,Password123!,10014,994-373-5527,Senior Data Engineer,"Hunt Valley, MD",145147.67,10001
Charlotte Lopez,Password123!,10015,954-464-8469,Junior Data Engineer,"Hunt Valley, MD",105146.06,10001
James Hernandez,Password123!,10016,680-062-3587,Senior Data Engineer,"New York, NY",236415.58,10001
Benjamin Johnson,Password123!,10017,601-340-3487,Senior Data Engineer,"Saint Paul, MN",164726.13,10001
Henry Martinez,Password123!,10018,749-868-7602,Junior Data Engineer,"Saint Paul, MN",95651.85,10001
Charlotte Thomas,Password123!,10019,649-012-2006,Senior Data Engineer,"Hartford, CT",166964.94,10001
Olivia Johnson,Password123!,10020,765-508-6613,Senior Data Engineer,"Hartford, CT",173865.47,10001
Mia Williams,Password123!,10021,903-238-4574,Data Engineer Manager,"Hartford, CT",185142.02,10000
Henry Hernandez,Password123!,10022,687-263-2920,Junior Data Engineer,"Saint Paul, MN",102212.42,10021
Noah Smith,Password123!,10023,989-708-7636,Junior Data Engineer,"New York, NY",154903.57,10021
Henry Moore,Password123!,10024,752-282-2563,Senior Data Engineer,"New York, NY",230648.63,10021
Charlotte Garcia,Password123!,10025,674-606-4040,Junior Data Engineer,"New York, NY",144396.04,10021
Noah Lopez,Password123!,10026,972-008-7550,Senior Data Engineer,"Saint Paul, MN",159180.25,10021
Amelia Smith,Password123!,10027,606-291-4427,Junior Data Engineer,"Saint Paul, MN",108610.3,10021
Oliver Ramdial,Password123!,10028,685-045-8704,Junior Data Engineer,"New York, NY",145661.67,10021
Ava Miller,Password123!,10029,760-660-9881,Junior Data Engineer,"Hunt Valley, MD",105531.21,10021
Mia Hernandez,Password123!,10030,951-025-5231,Senior Data Engineer,"New York, NY",236623.65,10021
Isabella Smith,Password123!,10031,970-405-7273,Junior Data Engineer,"Hartford, CT",103520.95,10021
Henry Lopez,Password123!,10032,978-234-5122,Junior Data Engineer,"Saint Paul, MN",98313.46,10021
Noah Garcia,Password123!,10033,750-805-9926,Junior Data Engineer,"Hunt Valley, MD",106124.97,10021
Benjamin Anderson,Password123!,10034,831-485-3469,Junior Data Engineer,"Hunt Valley, MD",98717.28,10021
Henry Anderson,Password123!,10035,682-332-3848,Junior Data Engineer,"Saint Paul, MN",108803.13,10021
Oliver Thomas,Password123!,10036,839-317-8195,Senior Data Engineer,"New York, NY",216839.12,10021
Henry Moore,Password123!,10037,713-369-5657,Senior Data Engineer,"Hunt Valley, MD",164130.16,10021
Amelia Thomas,Password123!,10038,827-816-2599,Junior Data Engineer,"Saint Paul, MN",108831.71,10021
James Ramdial,Password123!,10039,704-468-0953,Senior Data Engineer,"New York, NY",241476.94,10021
Olivia Lopez,Password123!,10040,669-373-7419,Junior Data Engineer,"Saint Paul, MN",100359.03,10021
Luna Hernandez,Password123!,10041,882-741-1428,HR Manager,"Hunt Valley, MD",111703.96,10000
Charlotte Hernandez,Password123!,10042,684-094-8999,HR Specialist,"Hunt Valley, MD",71503.43,10041
Olivia Williams,Password123!,10043,856-144-6387,HR Representative,"Hartford, CT",57120.65,10041
Elijah Jackson,Password123!,10044,778-844-3456,HR Representative,"Hartford, CT",52138.76,10041
Jacob Garcia,Password123!,10045,694-261-5082,HR Representative,"Hunt Valley, MD",51019.49,10041
Elijah Moore,Password123!,10046,991-797-0479,HR Specialist,"Hartford, CT",77813.6,10041
Isabella Garcia,Password123!,10047,820-841-6134,HR Specialist,"Hartford, CT",71433.78,10041
Ava Garcia,Password123!,10048,871-085-1756,HR Representative,"Saint Paul, MN",52354.28,10041
Amelia Johnson,Password123!,10049,818-469-6668,HR Representative,"Hunt Valley, MD",47774.62,10041
Liam Wilson,Password123!,10050,883-873-5818,HR Representative,"Hunt Valley, MD",49960.74,10041
Benjamin Rodriguez,Password123!,10051,670-765-8589,HR Representative,"New York, NY",76153.16,10041
Emma Hernandez,Password123!,10052,630-453-3047,HR Representative,"Hunt Valley, MD",48140.76,10041
James Hernandez,Password123!,10053,794-372-1072,HR Representative,"Hartford, CT",53839.44,10041
Luna Jackson,Password123!,10054,757-772-6058,HR Representative,"Saint Paul, MN",49629.37,10041
Benjamin Martinez,Password123!,10055,855-476-5166,HR Specialist,"Hartford, CT",74008.95,10041
Evelyn Smith,Password123!,10056,942-526-2626,HR Representative,"Saint Paul, MN",49889.22,10041
Theodore Garcia,Password123!,10057,790-470-5540,HR Representative,"Hartford, CT",51691.8,10041
Elijah Davis,Password123!,10058,765-306-4742,HR Representative,"New York, NY",68750.91,10041
Amelia Jackson,Password123!,10059,804-469-9086,HR Representative,"Hartford, CT",50649.83,10041
Oliver Rodriguez,Password123!,10060,988-840-2138,HR Specialist,"Hunt Valley, MD",71644.38,10041
Sophia Lettick,Password123!,10061,810-882-8714,Data Engineer Manager,"New York, NY",271272.31,10000
Isabella Smith,Password123!,10062,782-251-7808,Senior Data Engineer,"New York, NY",216496.13,10061
Evelyn Downey,Password123!,10063,605-009-1794,Junior Data Engineer,"New York, NY",159618.62,10061
Olivia Davis,Password123!,10064,617-016-0730,Junior Data Engineer,"Saint Paul, MN",104193.14,10061
Amelia Hernandez,Password123!,10065,776-377-4765,Senior Data Engineer,"Hartford, CT",157525.72,10061
William Jackson,Password123!,10066,849-402-5505,Senior Data Engineer,"Saint Paul, MN",160941.51,10061
Theodore Jones,Password123!,10067,764-633-6985,Senior Data Engineer,"Hartford, CT",178536.28,10061
Benjamin Anderson,Password123!,10068,752-176-9400,Senior Data Engineer,"New York, NY",219955.62,10061
Elijah Miller,Password123!,10069,734-105-3583,Junior Data Engineer,"Hartford, CT",113371.81,10061
Charlotte Jones,Password123!,10070,828-400-7293,Junior Data Engineer,"Saint Paul, MN",110105.21,10061
Amelia Rodriguez,Password123!,10071,855-242-6071,Senior Data Engineer,"Saint Paul, MN",162088.29,10061
Oliver Jackson,Password123!,10072,786-464-0224,Senior Data Engineer,"Hartford, CT",172875.93,10061
Evelyn Anderson,Password123!,10073,891-015-3003,Senior Data Engineer,"Hunt Valley, MD",157105.22,10061
Olivia Thomas,Password123!,10074,610-731-6353,Junior Data Engineer,"Saint Paul, MN",107571.98,10061
Evelyn Ramdial,Password123!,10075,672-640-6897,Senior Data Engineer,"Hunt Valley, MD",149981.25,10061
Benjamin Thomas,Password123!,10076,695-203-3035,Junior Data Engineer,"New York, NY",155479.72,10061
Amelia Jones,Password123!,10077,980-627-9794,Senior Data Engineer,"Hartford, CT",164808.73,10061
Evelyn Martinez,Password123!,10078,929-424-2779,Senior Data Engineer,"Saint Paul, MN",160574.19,10061
Amelia Johnson,Password123!,10079,945-104-5147,Senior Data Engineer,"New York, NY",232386.64,10061
Jacob Moore,Password123!,10080,837-368-0489,Senior Data Engineer,"Saint Paul, MN",152114.99,10061
Emma Ramdial,Password123!,10081,907-618-9350,Software Engineer Manager,"Hartford, CT",184553.53,10000
Theodore Rodriguez,Password123!,10082,692-063-9457,Senior Software Engineer,"Hunt Valley, MD",142926.51,10081
Luna Anderson,Password123!,10083,674-335-4805,Senior Software Engineer,"Hartford, CT",159982.3,10081
Emma Williams,Password123!,10084,677-549-2479,Senior Software Engineer,"Hunt Valley, MD",139039.54,10081
Amelia Wilson,Password123!,10085,711-811-1329,Junior Software Engineer,"Saint Paul, MN",94688.58,10081
Olivia Moore,Password123!,10086,680-303-0230,Junior Software Engineer,"Hunt Valley, MD",91310.31,10081
Luna Rodriguez,Password123!,10087,784-437-9891,Senior Software Engineer,"Saint Paul, MN",144643.05,10081
Oliver Ramdial,Password123!,10088,953-061-0057,Senior Software Engineer,"Saint Paul, MN",147009.22,10081
Ava Brown,Password123!,10089,914-856-6661,Senior Software Engineer,"Hartford, CT",161156.71,10081
Lucas Jackson,Password123!,10090,797-576-4161,Senior Software Engineer,"Hartford, CT",148744.12,10081
Ava Williams,Password123!,10091,607-286-6065,Senior Software Engineer,"Hartford, CT",162937.48,10081
Amelia Wilson,Password123!,10092,906-699-7242,Senior Software Engineer,"Hartford, CT",145980.37,10081
Jacob Anderson,Password123!,10093,673-591-9498,Senior Software Engineer,"New York, NY",208231.19,10081
Emma Johnson,Password123!,10094,898-695-9053,Junior Software Engineer,"Hartford, CT",99724.68,10081
Isabella Davis,Password123!,10095,913-503-8044,Senior Software Engineer,"New York, NY",199857.59,10081
Olivia Davis,Password123!,10096,643-636-2201,Junior Software Engineer,"Hunt Valley, MD",90692.43,10081
Noah Downey,Password123!,10097,746-235-1045,Senior Software Engineer,"Hunt Valley, MD",133021.64,10081
Liam Anderson,Password123!,10098,856-390-2700,Junior Software Engineer,"New York, NY",130554.49,10081
Isabella Moore,Password123!,10099,857-824-6570,Senior Software Engineer,"Hunt Valley, MD",148079.14,10081
Isabella Brown,Password123!,10100,822-672-7660,Senior Software Engineer,"Saint Paul, MN",136814.68,10081
Amelia Hernandez,Password123!,10101,896-720-2697,HR Manager,"Hartford, CT",115387.63,10000
Emma Garcia,Password123!,10102,760-527-5143,HR Specialist,"Hartford, CT",70572.75,10101
Isabella Downey,Password123!,10103,762-188-3315,HR Representative,"New York, NY",74273.82,10101
Mia Martinez,Password123!,10104,817-580-6452,HR Specialist,"Saint Paul, MN",72408.41,10101
Ava Rodriguez,Password123!,10105,634-064-4006,HR Specialist,"New York, NY",98921.87,10101
Evelyn Williams,Password123!,10106,977-249-5944,HR Representative,"Saint Paul, MN",47062.51,10101
Mia Jones,Password123!,10107,654-092-7099,HR Representative,"Saint Paul, MN",52699.31,10101
Ava Brown,Password123!,10108,684-151-5378,HR Representative,"Hunt Valley, MD",50316.16,10101
Jacob Jackson,Password123!,10109,614-863-3851,HR Representative,"Hunt Valley, MD",47379.92,10101
Elijah Lettick,Password123!,10110,610-423-8643,HR Representative,"Hartford, CT",57169.96,10101
Charlotte Lettick,Password123!,10111,794-574-3011,HR Specialist,"Hartford, CT",72745.09,10101
Amelia Ramdial,Password123!,10112,791-753-0232,HR Specialist,"Saint Paul, MN",64354.79,10101
Noah Jones,Password123!,10113,753-368-3493,HR Representative,"Saint Paul, MN",53379.45,10101
Charlotte Lopez,Password123!,10114,913-437-6119,HR Specialist,"Hartford, CT",70717.21,10101
James Hernandez,Password123!,10115,618-285-3084,HR Representative,"Hunt Valley, MD",45601.71,10101
William Williams,Password123!,10116,785-229-6725,HR Specialist,"Saint Paul, MN",63942.88,10101
Emma Brown,Password123!,10117,642-543-2393,HR Specialist,"New York, NY",94470.08,10101
Lucas Anderson,Password123!,10118,605-795-3698,HR Specialist,"Hunt Valley, MD",64966.89,10101
Noah Jones,Password123!,10119,913-620-8186,HR Representative,"Saint Paul, MN",49298.6,10101
Henry Jones,Password123!,10120,937-460-9130,HR Representative,"Saint Paul, MN",49738.36,10101
Ava Wilson,Password123!,10121,754-645-7893,Data Engineer Manager,"Hunt Valley, MD",181955.99,10000
Sophia Smith,Password123!,10122,626-698-6842,Junior Data Engineer,"New York, NY",149100.54,10121
Jacob Moore,Password123!,10123,885-663-7768,Senior Data Engineer,"New York, NY",230927.45,10121
William Hernandez,Password123!,10124,843-418-1919,Junior Data Engineer,"Saint Paul, MN",101820.0,10121
Isabella Thomas,Password123!,10125,971-230-1811,Senior Data Engineer,"Hunt Valley, MD",144843.01,10121
Benjamin Wilson,Password123!,10126,890-558-9669,Senior Data Engineer,"New York, NY",216845.02,10121
Olivia Thomas,Password123!,10127,769-802-8911,Junior Data Engineer,"New York, NY",146378.19,10121
Theodore Moore,Password123!,10128,739-132-7376,Junior Data Engineer,"New York, NY",156450.66,10121
Charlotte Lettick,Password123!,10129,641-823-2178,Junior Data Engineer,"Hartford, CT",112479.14,10121
Ava Downey,Password123!,10130,603-405-6670,Junior Data Engineer,"Saint Paul, MN",99711.04,10121
Jacob Davis,Password123!,10131,912-707-7560,Junior Data Engineer,"Hartford, CT",105093.4,10121
Henry Miller,Password123!,10132,645-596-5943,Junior Data Engineer,"Hunt Valley, MD",105959.48,10121
Lucas Williams,Password123!,10133,998-592-2799,Senior Data Engineer,"Hartford, CT",164539.86,10121
Noah Downey,Password123!,10134,909-211-5688,Junior Data Engineer,"New York, NY",142473.98,10121
Isabella Jackson,Password123!,10135,675-881-3460,Senior Data Engineer,"New York, NY",226921.73,10121
Isabella Williams,Password123!,10136,839-800-1818,Senior Data Engineer,"Hunt Valley, MD",145396.48,10121
Benjamin Anderson,Password123!,10137,930-424-8908,Junior Data Engineer,"Hartford, CT",111058.72,10121
Amelia Wilson,Password123!,10138,878-510-6608,Junior Data Engineer,"Hunt Valley, MD",104736.7,10121
Henry Brown,Password123!,10139,738-516-0225,Senior Data Engineer,"Hartford, CT",161949.0,10121
James Jackson,Password123!,10140,669-694-8436,Senior Data Engineer,"Hartford, CT",165440.66,10121
Evelyn Thomas,Password123!,10141,955-798-5990,HR Manager,"New York, NY",168026.44,10000
Theodore Hernandez,Password123!,10142,653-442-3031,HR Specialist,"Hunt Valley, MD",63309.37,10141
Lucas Thomas,Password123!,10143,792-675-6695,HR Specialist,"Hartford, CT",74881.09,10141
William Thomas,Password123!,10144,803-627-7752,HR Specialist,"Saint Paul, MN",71341.04,10141
Lucas Rodriguez,Password123!,10145,619-876-7440,HR Representative,"New York, NY",70506.7,10141
Noah Lettick,Password123!,10146,868-515-4009,HR Representative,"Hartford, CT",53304.78,10141
Oliver Jackson,Password123!,10147,890-560-7022,HR Representative,"Hartford, CT",50226.49,10141
Benjamin Jones,Password123!,10148,992-543-6741,HR Representative,"Hunt Valley, MD",49089.64,10141
Henry Wilson,Password123!,10149,953-358-5231,HR Specialist,"New York, NY",107880.03,10141
Emma Thomas,Password123!,10150,816-670-6988,HR Representative,"Hunt Valley, MD",46788.87,10141
Noah Thomas,Password123!,10151,875-533-6177,HR Specialist,"Hunt Valley, MD",69589.39,10141
Isabella Johnson,Password123!,10152,911-718-5986,HR Specialist,"Hartford, CT",73562.68,10141
Liam Thomas,Password123!,10153,909-446-9723,HR Specialist,"New York, NY",102401.7,10141
Mia Lopez,Password123!,10154,948-819-1178,HR Specialist,"Saint Paul, MN",69148.12,10141
Liam Jackson,Password123!,10155,864-385-6586,HR Specialist,"Hunt Valley, MD",70437.75,10141
Henry Williams,Password123!,10156,698-083-4217,HR Specialist,"New York, NY",100249.96,10141
Oliver Downey,Password123!,10157,623-761-6300,HR Specialist,"Hartford, CT",72560.17,10141
Evelyn Johnson,Password123!,10158,629-196-0654,HR Representative,"Hunt Valley, MD",49291.39,10141
Luna Smith,Password123!,10159,672-518-7252,HR Representative,"New York, NY",75618.39,10141
Mia Rodriguez,Password123!,10160,920-606-2013,HR Specialist,"Saint Paul, MN",67526.5,10141
Noah Rodriguez,Password123!,10161,834-114-2992,HR Manager,"Hartford, CT",116828.64,10000
Amelia Garcia,Password123!,10162,625-255-2260,HR Specialist,"Hartford, CT",76245.8,10161
Sophia Martinez,Password123!,10163,976-481-8004,HR Specialist,"Hunt Valley, MD",64089.78,10161
Ava Moore,Password123!,10164,882-779-7710,HR Specialist,"Hunt Valley, MD",66554.19,10161
James Wilson,Password123!,10165,924-473-2816,HR Specialist,"Hartford, CT",69345.21,10161
Noah Hernandez,Password123!,10166,633-814-6618,HR Specialist,"New York, NY",97821.0,10161
Isabella Lopez,Password123!,10167,963-569-2705,HR Specialist,"Saint Paul, MN",71301.36,10161
Ava Jones,Password123!,10168,836-221-6992,HR Specialist,"New York, NY",105271.56,10161
Evelyn Miller,Password123!,10169,656-778-7119,HR Representative,"New York, NY",74824.92,10161
Amelia Williams,Password123!,10170,952-561-6358,HR Specialist,"Hartford, CT",71985.77,10161
Noah Jackson,Password123!,10171,749-147-3424,HR Specialist,"Hartford, CT",71706.03,10161
Mia Moore,Password123!,10172,752-524-7913,HR Representative,"Saint Paul, MN",52879.38,10161
Oliver Lettick,Password123!,10173,926-840-1570,HR Representative,"New York, NY",74262.87,10161
Benjamin Lettick,Password123!,10174,675-611-0936,HR Specialist,"Hartford, CT",67937.85,10161
James Garcia,Password123!,10175,666-455-4221,HR Representative,"Saint Paul, MN",48792.0,10161
Theodore Davis,Password123!,10176,706-322-7608,HR Specialist,"New York, NY",97924.82,10161
Noah Davis,Password123!,10177,866-057-7013,HR Representative,"New York, NY",70128.47,10161
Amelia Downey,Password123!,10178,817-724-3354,HR Representative,"New York, NY",76571.21,10161
Isabella Garcia,Password123!,10179,714-709-8357,HR Specialist,"Hunt Valley, MD",66823.34,10161
Oliver Jones,Password123!,10180,601-511-4250,HR Representative,"Hartford, CT",50569.6,10161
William Rodriguez,Password123!,10181,707-399-8576,Data Engineer Manager,"New York, NY",280463.09,10000
Luna Miller,Password123!,10182,608-770-0638,Junior Data Engineer,"Hunt Valley, MD",105783.53,10181
Elijah Smith,Password123!,10183,703-670-0027,Senior Data Engineer,"New York, NY",242335.29,10181
Mia Thomas,Password123!,10184,768-357-5881,Junior Data Engineer,"New York, NY",152339.71,10181
William Moore,Password123!,10185,986-271-3005,Senior Data Engineer,"Hartford, CT",157658.4,10181
Elijah Johnson,Password123!,10186,663-316-5990,Junior Data Engineer,"Hunt Valley, MD",93714.92,10181
Evelyn Garcia,Password123!,10187,971-036-5830,Senior Data Engineer,"Hartford, CT",172037.76,10181
Elijah Garcia,Password123!,10188,827-747-3284,Junior Data Engineer,"New York, NY",141571.37,10181
Charlotte Johnson,Password123!,10189,913-344-3853,Junior Data Engineer,"Hunt Valley, MD",104168.11,10181
Charlotte Miller,Password123!,10190,941-230-6343,Junior Data Engineer,"Hunt Valley, MD",99801.92,10181
Ava Brown,Password123!,10191,982-887-6967,Senior Data Engineer,"Saint Paul, MN",163558.99,10181
Charlotte Lopez,Password123!,10192,819-555-9536,Senior Data Engineer,"Saint Paul, MN",161745.39,10181
Evelyn Johnson,Password123!,10193,648-212-8212,Senior Data Engineer,"Hartford, CT",181051.22,10181
Amelia Lopez,Password123!,10194,872-565-5859,Senior Data Engineer,"Saint Paul, MN",154612.24,10181
Henry Ramdial,Password123!,10195,849-003-8474,Senior Data Engineer,"New York, NY",233087.66,10181
Benjamin Jackson,Password123!,10196,980-297-1600,Junior Data Engineer,"Saint Paul, MN",106422.14,10181
William Williams,Password123!,10197,693-342-1171,Junior Data Engineer,"Hartford, CT",102443.15,10181
Benjamin Garcia,Password123!,10198,715-384-4720,Senior Data Engineer,"Hartford, CT",175702.43,10181
Liam Ramdial,Password123!,10199,956-277-8204,Junior Data Engineer,"Saint Paul, MN",97983.92,10181
Isabella Smith,Password123!,10200,813-800-1872,Junior Data Engineer,"Hunt Valley, MD",104223.25,10181
Isabella Downey,Password123!,10201,639-139-5026,Data Engineer Manager,"Saint Paul, MN",183651.06,10000
Lucas Smith,Password123!,10202,896-389-2077,Senior Data Engineer,"Hartford, CT",180942.51,10201
Luna Rodriguez,Password123!,10203,886-462-5781,Junior Data Engineer,"Hartford, CT",114008.22,10201
Jacob Hernandez,Password123!,10204,882-571-6301,Senior Data Engineer,"New York, NY",224664.84,10201
Sophia Garcia,Password123!,10205,885-848-9708,Junior Data Engineer,"New York, NY",145269.76,10201
Amelia Miller,Password123!,10206,631-527-5961,Senior Data Engineer,"Saint Paul, MN",153906.11,10201
Amelia Ramdial,Password123!,10207,929-744-3207,Senior Data Engineer,"New York, NY",245722.03,10201
Luna Jones,Password123!,10208,812-802-5904,Junior Data Engineer,"New York, NY",152807.06,10201
James Anderson,Password123!,10209,672-202-7887,Senior Data Engineer,"New York, NY",234270.04,10201
William Rodriguez,Password123!,10210,932-410-8928,Senior Data Engineer,"Hartford, CT",176670.52,10201
Jacob Anderson,Password123!,10211,602-649-0088,Senior Data Engineer,"New York, NY",229755.73,10201
Noah Johnson,Password123!,10212,685-589-0627,Senior Data Engineer,"Saint Paul, MN",168453.58,10201
Liam Ramdial,Password123!,10213,698-830-9589,Senior Data Engineer,"New York, NY",232202.17,10201
Noah Lopez,Password123!,10214,922-608-4425,Junior Data Engineer,"Hunt Valley, MD",95555.3,10201
Charlotte Rodriguez,Password123!,10215,766-774-4455,Junior Data Engineer,"Hunt Valley, MD",104462.15,10201
Oliver Smith,Password123!,10216,697-879-2358,Senior Data Engineer,"New York, NY",215497.59,10201
Lucas Ramdial,Password123!,10217,706-143-6256,Junior Data Engineer,"Saint Paul, MN",97298.07,10201
Elijah Rodriguez,Password123!,10218,681-876-9685,Senior Data Engineer,"Hunt Valley, MD",160275.87,10201
Ava Garcia,Password123!,10219,664-632-4260,Senior Data Engineer,"New York, NY",218126.19,10201
Luna Rodriguez,Password123!,10220,788-665-8002,Junior Data Engineer,"Saint Paul, MN",98019.95,10201
Emma Jackson,Password123!,10221,685-427-1753,Software Engineer Manager,"New York, NY",253945.72,10000
Mia Martinez,Password123!,10222,920-029-8933,Senior Software Engineer,"New York, NY",207227.58,10221
Noah Downey,Password123!,10223,742-447-6840,Junior Software Engineer,"Hunt Valley, MD",91185.92,10221
Evelyn Johnson,Password123!,10224,865-260-2420,Junior Software Engineer,"New York, NY",124341.76,10221
Amelia Garcia,Password123!,10225,769-247-5781,Senior Software Engineer,"Saint Paul, MN",149449.38,10221
Amelia Jones,Password123!,10226,912-522-0828,Junior Software Engineer,"Saint Paul, MN",89073.14,10221
Lucas Lopez,Password123!,10227,635-583-5398,Senior Software Engineer,"Hunt Valley, MD",147152.25,10221
Theodore Williams,Password123!,10228,882-425-2039,Junior Software Engineer,"Hunt Valley, MD",81625.84,10221
Benjamin Brown,Password123!,10229,908-753-1360,Junior Software Engineer,"Hartford, CT",98002.29,10221
Mia Hernandez,Password123!,10230,715-267-4534,Junior Software Engineer,"Hartford, CT",100079.88,10221
Elijah Davis,Password123!,10231,721-274-8536,Senior Software Engineer,"Hartford, CT",150640.83,10221
Lucas Anderson,Password123!,10232,619-883-8679,Senior Software Engineer,"New York, NY",201730.91,10221
Benjamin Williams,Password123!,10233,640-136-0660,Senior Software Engineer,"New York, NY",201731.74,10221
Sophia Wilson,Password123!,10234,925-681-4708,Senior Software Engineer,"Saint Paul, MN",136250.03,10221
Lucas Johnson,Password123!,10235,626-690-9445,Senior Software Engineer,"Hunt Valley, MD",140486.34,10221
Mia Wilson,Password123!,10236,723-849-6689,Junior Software Engineer,"Hunt Valley, MD",93052.56,10221
Isabella Brown,Password123!,10237,780-526-9635,Senior Software Engineer,"Saint Paul, MN",139245.93,10221
William Thomas,Password123!,10238,803-225-1033,Senior Software Engineer,"New York, NY",203471.64,10221
Olivia Ramdial,Password123!,10239,792-308-0883,Junior Software Engineer,"New York, NY",138887.2,10221
Emma Miller,Password123!,10240,737-601-4088,Junior Software Engineer,"Saint Paul, MN",85919.86,10221
Isabella Miller,Password123!,10241,650-279-7687,Data Engineer Manager,"Hartford, CT",186910.71,10000
Mia Johnson,Password123!,10242,922-430-5496,Senior Data Engineer,"Saint Paul, MN",155359.92,10241
Benjamin Miller,Password123!,10243,977-693-0498,Junior Data Engineer,"Hartford, CT",117599.72,10241
Noah Rodriguez,Password123!,10244,620-589-8799,Junior Data Engineer,"New York, NY",153801.82,10241
Isabella Johnson,Password123!,10245,790-128-2076,Senior Data Engineer,"Hartford, CT",167284.37,10241
Amelia Wilson,Password123!,10246,664-061-1181,Junior Data Engineer,"New York, NY",159212.11,10241
Theodore Smith,Password123!,10247,931-607-4191,Junior Data Engineer,"Saint Paul, MN",102754.16,10241
Amelia Thomas,Password123!,10248,752-464-4083,Senior Data Engineer,"Saint Paul, MN",164888.86,10241
Jacob Moore,Password123!,10249,807-132-2246,Senior Data Engineer,"Hunt Valley, MD",160396.09,10241
Mia Ramdial,Password123!,10250,975-616-5895,Junior Data Engineer,"Hartford, CT",107360.79,10241
Oliver Lettick,Password123!,10251,677-731-5361,Senior Data Engineer,"Hartford, CT",171981.58,10241
William Garcia,Password123!,10252,600-202-1967,Junior Data Engineer,"Hunt Valley, MD",107040.74,10241
Emma Garcia,Password123!,10253,733-230-5763,Junior Data Engineer,"New York, NY",143166.12,10241
Amelia Martinez,Password123!,10254,986-188-1864,Senior Data Engineer,"Hunt Valley, MD",165777.46,10241
Henry Downey,Password123!,10255,803-438-1016,Senior Data Engineer,"Hartford, CT",160590.18,10241
Sophia Thomas,Password123!,10256,614-052-8455,Junior Data Engineer,"Hartford, CT",115031.52,10241
Noah Jackson,Password123!,10257,808-200-4096,Junior Data Engineer,"Hartford, CT",118113.68,10241
Emma Johnson,Password123!,10258,937-730-3621,Senior Data Engineer,"New York, NY",218101.98,10241
Luna Downey,Password123!,10259,770-462-8022,Junior Data Engineer,"New York, NY",162208.95,10241
Mia Hernandez,Password123!,10260,890-886-0414,Junior Data Engineer,"Saint Paul, MN",98434.85,10241
Mia Moore,Password123!,10261,971-477-7981,Software Engineer Manager,"Hunt Valley, MD",180622.83,10000
Ava Ramdial,Password123!,10262,692-149-8062,Junior Software Engineer,"Hunt Valley, MD",88885.25,10261
Olivia Williams,Password123!,10263,706-111-7975,Junior Software Engineer,"Hartford, CT",89611.65,10261
Noah Johnson,Password123!,10264,643-714-9068,Senior Software Engineer,"Hunt Valley, MD",140214.87,10261
Charlotte Williams,Password123!,10265,862-378-6503,Junior Software Engineer,"Hunt Valley, MD",88293.16,10261
Oliver Rodriguez,Password123!,10266,683-359-3687,Senior Software Engineer,"Saint Paul, MN",141727.76,10261
Amelia Moore,Password123!,10267,605-801-4501,Senior Software Engineer,"Saint Paul, MN",140710.69,10261
Elijah Johnson,Password123!,10268,616-367-3242,Senior Software Engineer,"New York, NY",207858.97,10261
Luna Williams,Password123!,10269,826-387-9368,Junior Software Engineer,"Hunt Valley, MD",83560.24,10261
James Rodriguez,Password123!,10270,690-336-1253,Junior Software Engineer,"Hartford, CT",96331.6,10261
Benjamin Jones,Password123!,10271,664-497-6850,Junior Software Engineer,"Hunt Valley, MD",83155.18,10261
Elijah Miller,Password123!,10272,629-808-0545,Senior Software Engineer,"Saint Paul, MN",140492.12,10261
Elijah Lopez,Password123!,10273,740-603-5969,Senior Software Engineer,"Hunt Valley, MD",143408.33,10261
Lucas Rodriguez,Password123!,10274,912-452-3573,Junior Software Engineer,"Hartford, CT",92477.0,10261
Noah Miller,Password123!,10275,751-134-0040,Junior Software Engineer,"Saint Paul, MN",86920.92,10261
Noah Wilson,Password123!,10276,898-667-5223,Senior Software Engineer,"Hunt Valley, MD",132586.2,10261
Lucas Johnson,Password123!,10277,897-314-7564,Junior Software Engineer,"Saint Paul, MN",82643.95,10261
Noah Lettick,Password123!,10278,919-795-2339,Junior Software Engineer,"Saint Paul, MN",91710.19,10261
Luna Johnson,Password123!,10279,783-411-5348,Senior Software Engineer,"Saint Paul, MN",150192.95,10261
Noah Brown,Password123!,10280,714-528-9541,Junior Software Engineer,"Hartford, CT",91635.55,10261
Olivia Jackson,Password123!,10281,886-715-8335,Data Engineer Manager,"New York, NY",259416.9,10000
Luna Anderson,Password123!,10282,925-721-0462,Senior Data Engineer,"Hartford, CT",174235.89,10281
Evelyn Davis,Password123!,10283,989-535-9090,Senior Data Engineer,"Hartford, CT",171126.03,10281
Oliver Martinez,Password123!,10284,889-682-6739,Junior Data Engineer,"Hunt Valley, MD",101754.86,10281
Jacob Garcia,Password123!,10285,713-767-3750,Senior Data Engineer,"New York, NY",247011.33,10281
James Anderson,Password123!,10286,833-006-4133,Junior Data Engineer,"Saint Paul, MN",96502.11,10281
Oliver Smith,Password123!,10287,818-874-7626,Senior Data Engineer,"New York, NY",216906.4,10281
Emma Johnson,Password123!,10288,695-763-0041,Junior Data Engineer,"Hartford, CT",112614.65,10281
James Johnson,Password123!,10289,981-868-6102,Junior Data Engineer,"Saint Paul, MN",106454.64,10281
Jacob Hernandez,Password123!,10290,982-279-4615,Senior Data Engineer,"Saint Paul, MN",163196.34,10281
Oliver Ramdial,Password123!,10291,958-187-4721,Junior Data Engineer,"New York, NY",158528.3,10281
Benjamin Davis,Password123!,10292,832-477-2360,Senior Data Engineer,"Hunt Valley, MD",145870.55,10281
William Williams,Password123!,10293,996-446-9838,Senior Data Engineer,"Hartford, CT",162647.26,10281
Noah Williams,Password123!,10294,607-777-2697,Senior Data Engineer,"New York, NY",233849.45,10281
Olivia Thomas,Password123!,10295,797-446-3391,Senior Data Engineer,"Saint Paul, MN",168063.09,10281
Benjamin Lopez,Password123!,10296,764-530-4678,Senior Data Engineer,"New York, NY",238068.76,10281
James Johnson,Password123!,10297,730-637-3298,Junior Data Engineer,"Saint Paul, MN",99451.51,10281
Liam Martinez,Password123!,10298,651-606-6048,Junior Data Engineer,"Hartford, CT",106276.08,10281
Benjamin Lopez,Password123!,10299,662-462-9648,Senior Data Engineer,"Saint Paul, MN",148278.65,10281
Amelia Martinez,Password123!,10300,964-268-7671,Senior Data Engineer,"Saint Paul, MN",148299.21,10281
Benjamin Rodriguez,Password123!,10301,703-459-9432,HR Manager,"New York, NY",171493.39,10000
Isabella Lettick,Password123!,10302,666-206-6457,HR Representative,"Hunt Valley, MD",50249.2,10301
Emma Garcia,Password123!,10303,664-196-9789,HR Specialist,"New York, NY",101810.49,10301
Noah Martinez,Password123!,10304,952-185-1614,HR Representative,"Hartford, CT",54338.6,10301
Emma Downey,Password123!,10305,717-684-0902,HR Representative,"Saint Paul, MN",52301.53,10301
Noah Jackson,Password123!,10306,794-577-3465,HR Representative,"Hartford, CT",56015.38,10301
Evelyn Wilson,Password123!,10307,625-691-9613,HR Representative,"Hunt Valley, MD",51764.64,10301
William Jones,Password123!,10308,992-050-3136,HR Representative,"New York, NY",74279.64,10301
Olivia Jones,Password123!,10309,894-223-6272,HR Representative,"Saint Paul, MN",51617.07,10301
Noah Martinez,Password123!,10310,905-410-0895,HR Representative,"Hartford, CT",50596.63,10301
Mia Williams,Password123!,10311,989-789-6260,HR Representative,"Hartford, CT",57318.78,10301
Evelyn Lettick,Password123!,10312,782-169-9854,HR Specialist,"Saint Paul, MN",73452.39,10301
Lucas Martinez,Password123!,10313,735-520-1678,HR Representative,"New York, NY",73935.21,10301
Evelyn Jackson,Password123!,10314,720-515-6417,HR Representative,"Hunt Valley, MD",48314.81,10301
William Miller,Password123!,10315,611-771-6487,HR Specialist,"New York, NY",97838.86,10301
Elijah Moore,Password123!,10316,768-882-5330,HR Representative,"Hartford, CT",50418.63,10301
William Lettick,Password123!,10317,659-826-2198,HR Representative,"Hunt Valley, MD",50317.58,10301
Lucas Jackson,Password123!,10318,762-165-5081,HR Specialist,"Saint Paul, MN",72741.0,10301
James Smith,Password123!,10319,840-151-6174,HR Representative,"Saint Paul, MN",52940.28,10301
James Downey,Password123!,10320,863-512-0642,HR Representative,"Hartford, CT",54134.1,10301
Noah Hernandez,Password123!,10321,897-581-6887,Software Engineer Manager,"Hunt Valley, MD",168918.97,10000
Noah Miller,Password123!,10322,792-776-8717,Junior Software Engineer,"New York, NY",128606.66,10321
Ava Miller,Password123!,10323,805-571-7648,Senior Software Engineer,"Hartford, CT",145067.98,10321
William Anderson,Password123!,10324,961-553-0212,Junior Software Engineer,"Saint Paul, MN",85655.79,10321
Isabella Davis,Password123!,10325,937-226-4187,Junior Software Engineer,"Saint Paul, MN",95536.34,10321
Charlotte Miller,Password123!,10326,679-723-6862,Senior Software Engineer,"Saint Paul, MN",151139.64,10321
Jacob Rodriguez,Password123!,10327,646-232-8986,Senior Software Engineer,"New York, NY",197919.54,10321
Sophia Jones,Password123!,10328,636-724-3789,Junior Software Engineer,"Saint Paul, MN",83944.0,10321
Noah Thomas,Password123!,10329,915-297-1042,Senior Software Engineer,"Hunt Valley, MD",148981.46,10321
Sophia Martinez,Password123!,10330,655-384-6269,Junior Software Engineer,"Hunt Valley, MD",90468.92,10321
Benjamin Jackson,Password123!,10331,684-180-4017,Junior Software Engineer,"New York, NY",132401.99,10321
Mia Wilson,Password123!,10332,796-439-7409,Senior Software Engineer,"Saint Paul, MN",145579.38,10321
Emma Davis,Password123!,10333,770-713-7835,Junior Software Engineer,"Saint Paul, MN",83999.27,10321
Ava Miller,Password123!,10334,643-177-4689,Junior Software Engineer,"Hunt Valley, MD",88692.67,10321
Liam Thomas,Password123!,10335,605-866-2584,Junior Software Engineer,"Hunt Valley, MD",90957.65,10321
Charlotte Williams,Password123!,10336,899-301-8293,Junior Software Engineer,"Hartford, CT",96521.97,10321
Mia Thomas,Password123!,10337,723-690-6277,Junior Software Engineer,"New York, NY",125794.43,10321
Charlotte Davis,Password123!,10338,892-375-7291,Junior Software Engineer,"New York, NY",126634.46,10321
Henry Miller,Password123!,10339,958-310-3678,Junior Software Engineer,"New York, NY",127945.04,10321
Mia Ramdial,Password123!,10340,667-368-0390,Senior Software Engineer,"Hartford, CT",145070.37,10321
Ava Smith,Password123!,10341,983-552-9440,Data Engineer Manager,"Hunt Valley, MD",181074.64,10000
Mia Hernandez,Password123!,10342,998-857-7828,Senior Data Engineer,"Hartford, CT",162252.93,10341
Theodore Wilson,Password123!,10343,676-305-7219,Senior Data Engineer,"Hunt Valley, MD",151929.19,10341
James Martinez,Password123!,10344,694-505-9973,Junior Data Engineer,"Hunt Valley, MD",95873.02,10341
Sophia Jones,Password123!,10345,611-013-4161,Junior Data Engineer,"New York, NY",143320.21,10341
Emma Brown,Password123!,10346,874-034-9800,Senior Data Engineer,"New York, NY",238753.45,10341
Luna Lopez,Password123!,10347,972-486-5347,Senior Data Engineer,"Saint Paul, MN",166913.43,10341
Mia Anderson,Password123!,10348,631-121-0033,Senior Data Engineer,"Saint Paul, MN",150598.1,10341
Olivia Lopez,Password123!,10349,661-028-9473,Junior Data Engineer,"Saint Paul, MN",104489.95,10341
Noah Lettick,Password123!,10350,664-429-4262,Junior Data Engineer,"Hunt Valley, MD",93808.28,10341
Noah Wilson,Password123!,10351,841-330-9451,Junior Data Engineer,"New York, NY",155277.69,10341
Charlotte Anderson,Password123!,10352,749-228-1594,Senior Data Engineer,"Hartford, CT",159516.57,10341
Elijah Hernandez,Password123!,10353,719-097-3849,Junior Data Engineer,"New York, NY",156652.11,10341
Mia Lettick,Password123!,10354,885-767-8115,Senior Data Engineer,"Saint Paul, MN",150251.81,10341
Mia Jones,Password123!,10355,907-819-7087,Senior Data Engineer,"Hartford, CT",165920.95,10341
Emma Hernandez,Password123!,10356,800-738-3310,Junior Data Engineer,"Hunt Valley, MD",103775.98,10341
Luna Johnson,Password123!,10357,772-050-8012,Senior Data Engineer,"Hunt Valley, MD",165663.94,10341
Amelia Thomas,Password123!,10358,665-219-3256,Junior Data Engineer,"New York, NY",154845.7,10341
Sophia Jones,Password123!,10359,932-138-2078,Junior Data Engineer,"New York, NY",153424.01,10341
Olivia Davis,Password123!,10360,709-345-4278,Senior Data Engineer,"Hunt Valley, MD",153089.43,10341
Lucas Smith,Password123!,10361,817-463-4091,HR Manager,"Hunt Valley, MD",106851.62,10000
Olivia Garcia,Password123!,10362,647-446-0800,HR Representative,"Hartford, CT",52822.63,10361
Evelyn Hernandez,Password123!,10363,834-132-8963,HR Specialist,"New York, NY",103651.81,10361
Amelia Lettick,Password123!,10364,697-557-8460,HR Specialist,"Hartford, CT",76734.81,10361
Emma Lettick,Password123!,10365,809-708-0538,HR Specialist,"Hartford, CT",69374.34,10361
Amelia Williams,Password123!,10366,744-070-5087,HR Representative,"Saint Paul, MN",52128.7,10361
Noah Downey,Password123!,10367,608-778-0336,HR Specialist,"Hunt Valley, MD",71027.85,10361
Amelia Moore,Password123!,10368,915-507-7615,HR Representative,"New York, NY",73018.59,10361
James Lettick,Password123!,10369,954-858-9279,HR Representative,"Hartford, CT",55445.55,10361
William Johnson,Password123!,10370,701-602-6623,HR Representative,"Saint Paul, MN",48837.77,10361
Theodore Garcia,Password123!,10371,630-781-2039,HR Specialist,"Saint Paul, MN",66066.35,10361
Noah Martinez,Password123!,10372,986-689-2884,HR Representative,"Saint Paul, MN",51429.15,10361
Ava Brown,Password123!,10373,686-134-0443,HR Representative,"Hunt Valley, MD",45998.88,10361
Amelia Lettick,Password123!,10374,725-749-6312,HR Specialist,"New York, NY",93554.78,10361
Henry Davis,Password123!,10375,802-274-6511,HR Representative,"Saint Paul, MN",49239.5,10361
Luna Jones,Password123!,10376,852-346-3475,HR Representative,"New York, NY",72534.19,10361
Benjamin Downey,Password123!,10377,798-596-9955,HR Specialist,"Saint Paul, MN",70531.15,10361
Henry Jones,Password123!,10378,615-329-4034,HR Specialist,"New York, NY",100991.52,10361
William Martinez,Password123!,10379,614-031-5885,HR Representative,"Hartford, CT",49678.61,10361
James Ramdial,Password123!,10380,911-542-0874,HR Representative,"New York, NY",69082.12,10361
Oliver Anderson,Password123!,10381,624-653-2017,Data Engineer Manager,"Hunt Valley, MD",181996.77,10000
Liam Jackson,Password123!,10382,879-441-9153,Junior Data Engineer,"Hunt Valley, MD",93960.56,10381
William Lettick,Password123!,10383,841-459-9316,Senior Data Engineer,"Hartford, CT",165715.89,10381
James Downey,Password123!,10384,627-360-6133,Senior Data Engineer,"Saint Paul, MN",150810.04,10381
Noah Thomas,Password123!,10385,887-834-9521,Senior Data Engineer,"Hunt Valley, MD",152528.36,10381
Elijah Williams,Password123!,10386,864-225-5362,Junior Data Engineer,"Hunt Valley, MD",104078.05,10381
Henry Jones,Password123!,10387,901-232-3114,Senior Data Engineer,"Saint Paul, MN",147718.9,10381
Henry Anderson,Password123!,10388,701-335-0893,Senior Data Engineer,"Hunt Valley, MD",147867.06,10381
Isabella Downey,Password123!,10389,932-347-4309,Junior Data Engineer,"Hartford, CT",103323.78,10381
Lucas Brown,Password123!,10390,690-202-2108,Junior Data Engineer,"Hartford, CT",107240.54,10381
Theodore Downey,Password123!,10391,635-012-5773,Junior Data Engineer,"Hartford, CT",104916.71,10381
Amelia Martinez,Password123!,10392,758-406-3057,Junior Data Engineer,"Saint Paul, MN",97929.95,10381
Benjamin Lopez,Password123!,10393,840-237-0050,Junior Data Engineer,"Saint Paul, MN",107887.18,10381
Sophia Jackson,Password123!,10394,903-852-1354,Junior Data Engineer,"Hunt Valley, MD",108016.8,10381
William Johnson,Password123!,10395,739-447-3805,Senior Data Engineer,"Hartford, CT",169431.8,10381
Mia Johnson,Password123!,10396,665-184-7080,Senior Data Engineer,"Hunt Valley, MD",158522.06,10381
Olivia Ramdial,Password123!,10397,999-411-5999,Senior Data Engineer,"Hartford, CT",160739.96,10381
Luna Wilson,Password123!,10398,947-212-6901,Senior Data Engineer,"Saint Paul, MN",159233.82,10381
Benjamin Jackson,Password123!,10399,672-194-4245,Senior Data Engineer,"New York, NY",227118.48,10381
Emma Thomas,Password123!,10400,887-068-5193,Senior Data Engineer,"Hartford, CT",156826.83,10381
Isabella Anderson,Password123!,10401,792-481-0236,Software Engineer Manager,"Hartford, CT",182417.68,10000
Isabella Ramdial,Password123!,10402,786-711-1271,Junior Software Engineer,"Hunt Valley, MD",83148.24,10401
Oliver Brown,Password123!,10403,849-725-8940,Senior Software Engineer,"Hunt Valley, MD",152189.67,10401
Henry Moore,Password123!,10404,989-548-4662,Senior Software Engineer,"Hartford, CT",151203.0,10401
Amelia Ramdial,Password123!,10405,915-161-1506,Senior Software Engineer,"Hunt Valley, MD",149657.87,10401
Amelia Lettick,Password123!,10406,600-246-0273,Senior Software Engineer,"Hunt Valley, MD",132275.34,10401
Mia Rodriguez,Password123!,10407,768-692-0373,Senior Software Engineer,"Saint Paul, MN",152132.46,10401
Elijah Miller,Password123!,10408,848-746-9106,Senior Software Engineer,"New York, NY",205090.39,10401
James Wilson,Password123!,10409,987-132-8788,Junior Software Engineer,"New York, NY",130626.49,10401
Luna Moore,Password123!,10410,823-844-1023,Senior Software Engineer,"New York, NY",219003.3,10401
Theodore Rodriguez,Password123!,10411,927-838-6966,Senior Software Engineer,"Saint Paul, MN",142170.8,10401
Noah Brown,Password123!,10412,941-214-5783,Junior Software Engineer,"Saint Paul, MN",83371.14,10401
Noah Moore,Password123!,10413,826-838-8440,Junior Software Engineer,"New York, NY",139894.28,10401
William Davis,Password123!,10414,998-351-7936,Junior Software Engineer,"New York, NY",136997.55,10401
Sophia Moore,Password123!,10415,625-821-4982,Junior Software Engineer,"New York, NY",128555.46,10401
William Ramdial,Password123!,10416,966-250-0686,Junior Software Engineer,"Saint Paul, MN",82682.97,10401
Ava Miller,Password123!,10417,710-260-7832,Senior Software Engineer,"Hartford, CT",150645.91,10401
Luna Downey,Password123!,10418,954-496-2247,Junior Software Engineer,"Hunt Valley, MD",92099.76,10401
James Brown,Password123!,10419,805-756-8113,Senior Software Engineer,"New York, NY",206266.52,10401
Isabella Lopez,Password123!,10420,856-584-5100,Senior Software Engineer,"Saint Paul, MN",134780.72,10401
Emma Jones,Password123!,10421,821-253-1006,Data Engineer Manager,"Saint Paul, MN",178412.58,10000
Elijah Wilson,Password123!,10422,718-379-5954,Junior Data Engineer,"New York, NY",144189.7,10421
Isabella Brown,Password123!,10423,725-153-1721,Junior Data Engineer,"Saint Paul, MN",98488.05,10421
Luna Downey,Password123!,10424,700-589-1458,Senior Data Engineer,"Hartford, CT",161489.33,10421
Charlotte Rodriguez,Password123!,10425,686-080-3576,Senior Data Engineer,"New York, NY",238016.58,10421
Liam Davis,Password123!,10426,700-152-0410,Senior Data Engineer,"New York, NY",223982.26,10421
Emma Jones,Password123!,10427,803-319-2892,Senior Data Engineer,"Hunt Valley, MD",158592.58,10421
Sophia Williams,Password123!,10428,619-233-2546,Junior Data Engineer,"Hunt Valley, MD",107788.32,10421
Henry Lopez,Password123!,10429,728-082-6668,Junior Data Engineer,"New York, NY",148466.03,10421
Elijah Miller,Password123!,10430,976-728-7996,Senior Data Engineer,"Hunt Valley, MD",163341.43,10421
Emma Lettick,Password123!,10431,815-007-7549,Senior Data Engineer,"Hunt Valley, MD",148279.08,10421
Olivia Martinez,Password123!,10432,832-279-6615,Junior Data Engineer,"Saint Paul, MN",104916.56,10421
Benjamin Thomas,Password123!,10433,770-450-2475,Junior Data Engineer,"Hartford, CT",114392.04,10421
Ava Smith,Password123!,10434,849-668-4316,Junior Data Engineer,"Saint Paul, MN",98301.02,10421
Liam Thomas,Password123!,10435,670-435-8486,Senior Data Engineer,"Saint Paul, MN",168108.39,10421
Olivia Williams,Password123!,10436,868-158-4405,Junior Data Engineer,"New York, NY",140876.84,10421
Oliver Wilson,Password123!,10437,964-872-2246,Junior Data Engineer,"Hunt Valley, MD",98273.87,10421
Amelia Davis,Password123!,10438,997-628-8018,Senior Data Engineer,"Hartford, CT",178429.87,10421
Luna Hernandez,Password123!,10439,707-217-4077,Senior Data Engineer,"Saint Paul, MN",161572.14,10421
Sophia Johnson,Password123!,10440,733-222-1827,Junior Data Engineer,"New York, NY",148206.91,10421
Elijah Wilson,Password123!,10441,975-568-1630,Software Engineer Manager,"Hunt Valley, MD",169788.26,10000
Elijah Jones,Password123!,10442,764-494-5051,Junior Software Engineer,"Hartford, CT",97156.01,10441
Liam Rodriguez,Password123!,10443,844-703-2686,Junior Software Engineer,"Hartford, CT",88821.89,10441
Benjamin Davis,Password123!,10444,632-322-7505,Junior Software Engineer,"Hunt Valley, MD",82293.99,10441
Henry Smith,Password123!,10445,654-640-7142,Junior Software Engineer,"New York, NY",128982.35,10441
Luna Smith,Password123!,10446,822-723-9076,Senior Software Engineer,"New York, NY",201439.15,10441
Noah Downey,Password123!,10447,667-833-9787,Junior Software Engineer,"New York, NY",135815.04,10441
Amelia Miller,Password123!,10448,827-658-5548,Senior Software Engineer,"Saint Paul, MN",135411.6,10441
Isabella Wilson,Password123!,10449,716-204-1501,Junior Software Engineer,"Hunt Valley, MD",89000.67,10441
Jacob Smith,Password123!,10450,629-106-3111,Senior Software Engineer,"New York, NY",216351.15,10441
Oliver Jones,Password123!,10451,633-886-7844,Senior Software Engineer,"Hunt Valley, MD",135170.96,10441
Charlotte Williams,Password123!,10452,845-046-1652,Senior Software Engineer,"Saint Paul, MN",138306.81,10441
Noah Garcia,Password123!,10453,871-827-6153,Junior Software Engineer,"New York, NY",125181.52,10441
Noah Downey,Password123!,10454,615-686-8773,Junior Software Engineer,"Hunt Valley, MD",89715.06,10441
Noah Anderson,Password123!,10455,703-796-4199,Junior Software Engineer,"New York, NY",124254.29,10441
Henry Hernandez,Password123!,10456,707-605-0677,Senior Software Engineer,"Hunt Valley, MD",152342.96,10441
Luna Garcia,Password123!,10457,842-338-8618,Junior Software Engineer,"Saint Paul, MN",94763.24,10441
Olivia Lettick,Password123!,10458,821-826-1412,Junior Software Engineer,"Hunt Valley, MD",84810.97,10441
Luna Smith,Password123!,10459,631-730-8410,Senior Software Engineer,"New York, NY",228630.21,10441
Ava Miller,Password123!,10460,686-658-2955,Junior Software Engineer,"Hunt Valley, MD",84867.27,10441
Elijah Hernandez,Password123!,10461,866-481-3075,HR Manager,"Hunt Valley, MD",116615.03,10000
Emma Jackson,Password123!,10462,860-190-5847,HR Representative,"Saint Paul, MN",48687.49,10461
Jacob Garcia,Password123!,10463,916-225-5407,HR Representative,"New York, NY",74158.38,10461
Elijah Martinez,Password123!,10464,754-360-0334,HR Specialist,"Hunt Valley, MD",69789.52,10461
Sophia Ramdial,Password123!,10465,787-641-0430,HR Representative,"Hartford, CT",53963.01,10461
Ava Johnson,Password123!,10466,681-664-8728,HR Specialist,"Hunt Valley, MD",68335.78,10461
Noah Lopez,Password123!,10467,660-628-8734,HR Specialist,"New York, NY",97989.5,10461
Oliver Moore,Password123!,10468,656-443-7396,HR Representative,"Hunt Valley, MD",50826.34,10461
Amelia Brown,Password123!,10469,781-117-1318,HR Representative,"Hartford, CT",53082.65,10461
Elijah Lopez,Password123!,10470,745-849-1482,HR Specialist,"New York, NY",96736.73,10461
Emma Hernandez,Password123!,10471,671-877-4693,HR Representative,"Saint Paul, MN",51550.76,10461
Benjamin Rodriguez,Password123!,10472,888-613-8119,HR Representative,"Hartford, CT",54298.0,10461
Amelia Williams,Password123!,10473,878-574-4435,HR Representative,"New York, NY",69539.37,10461
Amelia Downey,Password123!,10474,944-640-2093,HR Specialist,"New York, NY",102553.07,10461
Liam Hernandez,Password123!,10475,670-296-5923,HR Specialist,"New York, NY",107176.27,10461
Charlotte Davis,Password123!,10476,882-108-7925,HR Specialist,"Hartford, CT",69651.5,10461
Lucas Garcia,Password123!,10477,688-165-1785,HR Specialist,"New York, NY",102890.6,10461
Charlotte Anderson,Password123!,10478,996-862-3182,HR Representative,"Hunt Valley, MD",52193.37,10461
Oliver Jones,Password123!,10479,793-613-7647,HR Representative,"New York, NY",76885.95,10461
Elijah Wilson,Password123!,10480,611-055-8381,HR Representative,"Hartford, CT",57039.21,10461
Sophia Davis,Password123!,10481,923-778-4909,Data Engineer Manager,"Saint Paul, MN",173788.01,10000
Mia Martinez,Password123!,10482,712-766-7478,Junior Data Engineer,"Saint Paul, MN",108569.3,10481
William Davis,Password123!,10483,935-384-3532,Senior Data Engineer,"New York, NY",244653.96,10481
Theodore Lettick,Password123!,10484,815-620-7214,Junior Data Engineer,"Saint Paul, MN",99714.18,10481
James Rodriguez,Password123!,10485,671-844-1715,Junior Data Engineer,"Saint Paul, MN",99183.92,10481
Jacob Johnson,Password123!,10486,777-190-4801,Junior Data Engineer,"Saint Paul, MN",102467.98,10481
James Moore,Password123!,10487,694-755-0109,Junior Data Engineer,"Saint Paul, MN",95488.82,10481
Amelia Davis,Password123!,10488,776-758-8304,Junior Data Engineer,"New York, NY",145615.49,10481
Noah Jones,Password123!,10489,970-778-6121,Junior Data Engineer,"Saint Paul, MN",110152.51,10481
Benjamin Rodriguez,Password123!,10490,807-151-3542,Senior Data Engineer,"Hartford, CT",173706.28,10481
James Jones,Password123!,10491,809-736-7078,Junior Data Engineer,"Saint Paul, MN",108901.7,10481
Sophia Wilson,Password123!,10492,904-312-1151,Senior Data Engineer,"Saint Paul, MN",155671.83,10481
Isabella Lettick,Password123!,10493,834-787-1548,Junior Data Engineer,"New York, NY",147797.94,10481
Ava Lettick,Password123!,10494,665-239-3505,Junior Data Engineer,"New York, NY",157148.53,10481
Henry Moore,Password123!,10495,617-010-1946,Senior Data Engineer,"Hunt Valley, MD",162887.4,10481
Jacob Martinez,Password123!,10496,825-352-8883,Junior Data Engineer,"New York, NY",144504.62,10481
Lucas Rodriguez,Password123!,10497,715-336-6184,Senior Data Engineer,"Hunt Valley, MD",149254.66,10481
Theodore Anderson,Password123!,10498,886-607-6636,Senior Data Engineer,"New York, NY",224101.91,10481
Amelia Smith,Password123!,10499,678-151-7315,Junior Data Engineer,"Saint Paul, MN",99684.77,10481
William Johnson,Password123!,10500,975-566-7182,Senior Data Engineer,"Hunt Valley, MD",150560.17,10481
Oliver Anderson,Password123!,10501,696-306-6649,Software Engineer Manager,"Hunt Valley, MD",175586.16,10000
Evelyn Davis,Password123!,10502,890-432-3241,Senior Software Engineer,"Saint Paul, MN",141865.61,10501
Henry Jones,Password123!,10503,997-408-3295,Junior Software Engineer,"New York, NY",136291.83,10501
Noah Johnson,Password123!,10504,744-726-7978,Junior Software Engineer,"New York, NY",125466.55,10501
Mia Rodriguez,Password123!,10505,910-565-8545,Senior Software Engineer,"New York, NY",223704.71,10501
Elijah Jackson,Password123!,10506,729-878-4911,Senior Software Engineer,"Hunt Valley, MD",132232.3,10501
Henry Williams,Password123!,10507,603-506-4848,Junior Software Engineer,"New York, NY",138957.73,10501
Mia Moore,Password123!,10508,814-558-9396,Senior Software Engineer,"Saint Paul, MN",147046.83,10501
Jacob Garcia,Password123!,10509,665-714-5564,Junior Software Engineer,"Saint Paul, MN",95045.67,10501
William Jones,Password123!,10510,924-803-8499,Senior Software Engineer,"Saint Paul, MN",148767.65,10501
Charlotte Brown,Password123!,10511,956-075-0830,Junior Software Engineer,"Hunt Valley, MD",90572.6,10501
Elijah Rodriguez,Password123!,10512,641-285-5975,Senior Software Engineer,"Hartford, CT",151812.83,10501
Luna Moore,Password123!,10513,612-750-0297,Senior Software Engineer,"Saint Paul, MN",149851.42,10501
Jacob Davis,Password123!,10514,716-365-2297,Senior Software Engineer,"Saint Paul, MN",138405.56,10501
Emma Lettick,Password123!,10515,617-670-1915,Senior Software Engineer,"New York, NY",228589.31,10501
Oliver Thomas,Password123!,10516,613-758-1248,Senior Software Engineer,"Hunt Valley, MD",142211.39,10501
Charlotte Thomas,Password123!,10517,735-198-5865,Senior Software Engineer,"Hartford, CT",155577.68,10501
Noah Hernandez,Password123!,10518,988-682-2055,Senior Software Engineer,"Hunt Valley, MD",147521.64,10501
Elijah Davis,Password123!,10519,772-587-7270,Junior Software Engineer,"Saint Paul, MN",91103.05,10501
Olivia Lopez,Password123!,10520,727-453-8955,Senior Software Engineer,"New York, NY",225318.13,10501
Oliver Johnson,Password123!,10521,971-628-4666,HR Manager,"New York, NY",168544.26,10000
Emma Johnson,Password123!,10522,658-448-4170,HR Specialist,"New York, NY",104669.57,10521
Theodore Davis,Password123!,10523,895-783-5651,HR Representative,"Hartford, CT",55198.37,10521
Mia Jones,Password123!,10524,753-371-4640,HR Specialist,"Saint Paul, MN",68079.45,10521
Luna Williams,Password123!,10525,737-243-8942,HR Specialist,"New York, NY",102501.93,10521
Emma Wilson,Password123!,10526,997-399-2459,HR Representative,"New York, NY",74015.38,10521
Henry Jackson,Password123!,10527,607-845-1651,HR Representative,"New York, NY",75448.11,10521
Olivia Miller,Password123!,10528,629-528-2791,HR Specialist,"New York, NY",100941.26,10521
Amelia Lopez,Password123!,10529,640-138-5882,HR Specialist,"Saint Paul, MN",69688.54,10521
Elijah Lopez,Password123!,10530,947-778-9347,HR Representative,"Hartford, CT",57040.73,10521
James Thomas,Password123!,10531,801-810-4017,HR Representative,"New York, NY",68120.66,10521
Olivia Rodriguez,Password123!,10532,739-166-3396,HR Representative,"Hartford, CT",55029.14,10521
Amelia Rodriguez,Password123!,10533,684-720-8815,HR Representative,"New York, NY",73068.32,10521
Isabella Jackson,Password123!,10534,629-378-7370,HR Representative,"New York, NY",77381.03,10521
Mia Miller,Password123!,10535,795-263-0537,HR Representative,"Hunt Valley, MD",48368.33,10521
Isabella Martinez,Password123!,10536,788-444-9497,HR Specialist,"Saint Paul, MN",73421.12,10521
Jacob Martinez,Password123!,10537,694-387-5651,HR Specialist,"New York, NY",103027.18,10521
Theodore Williams,Password123!,10538,890-556-0238,HR Representative,"Hartford, CT",51172.41,10521
Theodore Smith,Password123!,10539,673-878-0644,HR Specialist,"Hartford, CT",73025.95,10521
Theodore Brown,Password123!,10540,612-318-5030,HR Representative,"New York, NY",78394.15,10521
Liam Smith,Password123!,10541,873-388-3679,HR Manager,"New York, NY",170990.71,10000
Evelyn Jones,Password123!,10542,642-531-1612,HR Representative,"Hartford, CT",55322.93,10541
Jacob Brown,Password123!,10543,940-126-7553,HR Representative,"New York, NY",72724.03,10541
Isabella Hernandez,Password123!,10544,623-602-6697,HR Representative,"Saint Paul, MN",51180.86,10541
Mia Jackson,Password123!,10545,680-045-1744,HR Representative,"Hunt Valley, MD",51160.58,10541
Jacob Brown,Password123!,10546,850-153-6631,HR Representative,"Hunt Valley, MD",45869.64,10541
Isabella Williams,Password123!,10547,703-634-3742,HR Specialist,"Hunt Valley, MD",66276.42,10541
James Anderson,Password123!,10548,814-737-3061,HR Specialist,"Hartford, CT",71186.85,10541
Emma Jackson,Password123!,10549,772-122-8408,HR Representative,"New York, NY",73336.05,10541
Ava Miller,Password123!,10550,863-201-2508,HR Representative,"New York, NY",73346.14,10541
Jacob Ramdial,Password123!,10551,601-356-8550,HR Representative,"Saint Paul, MN",52905.26,10541
Olivia Lettick,Password123!,10552,970-826-7140,HR Specialist,"Hartford, CT",69801.81,10541
Elijah Anderson,Password123!,10553,994-255-7213,HR Specialist,"Hunt Valley, MD",71765.47,10541
Theodore Lopez,Password123!,10554,659-236-3403,HR Specialist,"Hunt Valley, MD",70987.69,10541
William Hernandez,Password123!,10555,875-049-0409,HR Specialist,"Hunt Valley, MD",64669.18,10541
Jacob Anderson,Password123!,10556,976-498-5536,HR Specialist,"Saint Paul, MN",63443.23,10541
Isabella Johnson,Password123!,10557,699-567-0185,HR Representative,"Saint Paul, MN",52506.79,10541
Jacob Miller,Password123!,10558,774-096-4442,HR Specialist,"New York, NY",104418.05,10541
Charlotte Smith,Password123!,10559,843-024-0304,HR Specialist,"Hartford, CT",75450.69,10541
Liam Brown,Password123!,10560,911-201-3363,HR Specialist,"Hunt Valley, MD",68479.29,10541
Isabella Thomas,Password123!,10561,638-026-1662,Data Engineer Manager,"New York, NY",264271.31,10000
Mia Hernandez,Password123!,10562,652-451-3442,Junior Data Engineer,"Hartford, CT",108617.83,10561
Noah Martinez,Password123!,10563,783-147-3065,Junior Data Engineer,"New York, NY",144521.63,10561
Ava Williams,Password123!,10564,954-619-8309,Senior Data Engineer,"Saint Paul, MN",164522.91,10561
Benjamin Smith,Password123!,10565,775-109-3156,Senior Data Engineer,"Saint Paul, MN",163020.05,10561
Lucas Martinez,Password123!,10566,665-146-9199,Senior Data Engineer,"Hunt Valley, MD",162398.77,10561
Jacob Anderson,Password123!,10567,982-397-8408,Junior Data Engineer,"New York, NY",152402.35,10561
Henry Johnson,Password123!,10568,979-429-8322,Senior Data Engineer,"Hartford, CT",157026.36,10561
Amelia Downey,Password123!,10569,677-194-7289,Senior Data Engineer,"New York, NY",229830.75,10561
Amelia Johnson,Password123!,10570,971-192-9921,Junior Data Engineer,"Hartford, CT",105329.76,10561
Ava Rodriguez,Password123!,10571,938-650-4286,Senior Data Engineer,"New York, NY",239964.76,10561
Olivia Jones,Password123!,10572,897-103-6431,Junior Data Engineer,"Saint Paul, MN",102711.53,10561
Lucas Miller,Password123!,10573,905-832-4288,Senior Data Engineer,"New York, NY",238825.21,10561
Benjamin Wilson,Password123!,10574,664-877-5174,Senior Data Engineer,"New York, NY",232215.31,10561
Amelia Lettick,Password123!,10575,685-724-4693,Junior Data Engineer,"Hunt Valley, MD",100807.7,10561
Amelia Smith,Password123!,10576,888-745-7863,Senior Data Engineer,"Saint Paul, MN",168503.46,10561
James Thomas,Password123!,10577,904-379-1990,Junior Data Engineer,"Hunt Valley, MD",106410.69,10561
Amelia Miller,Password123!,10578,617-265-8186,Senior Data Engineer,"Hartford, CT",174505.31,10561
William Downey,Password123!,10579,858-461-0397,Senior Data Engineer,"Hunt Valley, MD",145527.39,10561
Theodore Garcia,Password123!,10580,854-822-2267,Senior Data Engineer,"Hartford, CT",170907.01,10561
Oliver Davis,Password123!,10581,705-480-1343,HR Manager,"Saint Paul, MN",119417.64,10000
Isabella Lettick,Password123!,10582,963-546-3084,HR Specialist,"Hartford, CT",70380.31,10581
Liam Hernandez,Password123!,10583,640-702-4234,HR Representative,"New York, NY",75823.99,10581
Charlotte Johnson,Password123!,10584,709-445-6275,HR Specialist,"Saint Paul, MN",69886.33,10581
Oliver Rodriguez,Password123!,10585,953-518-9245,HR Specialist,"Hartford, CT",71228.16,10581
Jacob Martinez,Password123!,10586,885-627-7142,HR Representative,"Hartford, CT",54977.19,10581
Isabella Davis,Password123!,10587,750-159-2952,HR Specialist,"Hartford, CT",73719.83,10581
Benjamin Lopez,Password123!,10588,693-345-3666,HR Representative,"New York, NY",78963.86,10581
Noah Lettick,Password123!,10589,930-195-9006,HR Specialist,"Hartford, CT",74550.35,10581
Benjamin Moore,Password123!,10590,946-574-4302,HR Representative,"New York, NY",74030.98,10581
Charlotte Williams,Password123!,10591,785-310-6250,HR Specialist,"New York, NY",106623.72,10581
Charlotte Davis,Password123!,10592,661-683-0866,HR Specialist,"Hunt Valley, MD",69688.54,10581
Noah Johnson,Password123!,10593,879-678-0721,HR Representative,"New York, NY",72307.18,10581
Jacob Thomas,Password123!,10594,615-089-6911,HR Specialist,"Saint Paul, MN",69083.14,10581
Sophia Jones,Password123!,10595,884-287-2927,HR Specialist,"New York, NY",105152.09,10581
Emma Garcia,Password123!,10596,676-311-0142,HR Specialist,"New York, NY",105752.66,10581
Noah Davis,Password123!,10597,791-819-5560,HR Representative,"Saint Paul, MN",52640.46,10581
Amelia Jones,Password123!,10598,905-425-5299,HR Specialist,"Hunt Valley, MD",66957.5,10581
Amelia Rodriguez,Password123!,10599,928-593-5811,HR Specialist,"New York, NY",106347.3,10581
Benjamin Miller,Password123!,10600,847-747-7183,HR Specialist,"Saint Paul, MN",69775.63,10581
Evelyn Downey,Password123!,10601,744-621-9581,HR Manager,"Hartford, CT",118787.79,10000
Theodore Ramdial,Password123!,10602,831-438-3178,HR Representative,"New York, NY",71766.17,10601
Emma Rodriguez,Password123!,10603,778-279-8038,HR Representative,"Hartford, CT",50944.22,10601
Noah Lettick,Password123!,10604,832-616-9527,HR Specialist,"New York, NY",96362.75,10601
Noah Lopez,Password123!,10605,648-157-8383,HR Representative,"Hunt Valley, MD",51973.73,10601
Mia Garcia,Password123!,10606,725-517-1920,HR Representative,"Saint Paul, MN",47818.33,10601
Lucas Lopez,Password123!,10607,682-788-4631,HR Representative,"Saint Paul, MN",50632.06,10601
James Smith,Password123!,10608,736-840-9890,HR Representative,"New York, NY",71100.62,10601
Emma Davis,Password123!,10609,718-004-5181,HR Specialist,"Hunt Valley, MD",62557.66,10601
Luna Johnson,Password123!,10610,693-069-7208,HR Representative,"Saint Paul, MN",49029.96,10601
Oliver Jones,Password123!,10611,952-800-2611,HR Representative,"Saint Paul, MN",49353.72,10601
Oliver Anderson,Password123!,10612,721-356-8927,HR Representative,"Hartford, CT",52789.79,10601
Liam Downey,Password123!,10613,645-446-9911,HR Representative,"New York, NY",72645.28,10601
James Hernandez,Password123!,10614,676-279-2465,HR Specialist,"Saint Paul, MN",72971.75,10601
Luna Jackson,Password123!,10615,941-321-5981,HR Representative,"Saint Paul, MN",50864.31,10601
Ava Downey,Password123!,10616,809-183-8406,HR Specialist,"New York, NY",100025.81,10601
Jacob Davis,Password123!,10617,910-604-2663,HR Representative,"Hunt Valley, MD",47572.14,10601
Noah Jones,Password123!,10618,624-412-1808,HR Representative,"Hunt Valley, MD",51042.36,10601
Benjamin Martinez,Password123!,10619,770-789-4613,HR Specialist,"Hunt Valley, MD",67289.88,10601
Luna Thomas,Password123!,10620,840-562-2702,HR Specialist,"Hartford, CT",75463.14,10601
Charlotte Smith,Password123!,10621,860-327-1251,Data Engineer Manager,"Hunt Valley, MD",180545.77,10000
Luna Lettick,Password123!,10622,943-800-0885,Junior Data Engineer,"New York, NY",158949.95,10621
Liam Johnson,Password123!,10623,885-328-0423,Senior Data Engineer,"Saint Paul, MN",152525.34,10621
Noah Smith,Password123!,10624,917-134-3491,Senior Data Engineer,"Saint Paul, MN",158742.07,10621
Jacob Garcia,Password123!,10625,706-526-6493,Senior Data Engineer,"Hartford, CT",159349.33,10621
Sophia Downey,Password123!,10626,795-600-7248,Senior Data Engineer,"Hartford, CT",176316.38,10621
Lucas Rodriguez,Password123!,10627,695-070-6633,Senior Data Engineer,"Hartford, CT",160116.71,10621
Isabella Smith,Password123!,10628,787-043-3751,Junior Data Engineer,"New York, NY",156308.29,10621
Oliver Wilson,Password123!,10629,764-410-0033,Junior Data Engineer,"New York, NY",151110.65,10621
Lucas Thomas,Password123!,10630,632-443-1902,Senior Data Engineer,"New York, NY",216407.21,10621
Emma Jackson,Password123!,10631,924-321-5275,Junior Data Engineer,"Hunt Valley, MD",97953.78,10621
Luna Jackson,Password123!,10632,740-795-3587,Junior Data Engineer,"Hartford, CT",114145.58,10621
Henry Hernandez,Password123!,10633,754-814-6712,Junior Data Engineer,"Hartford, CT",110760.02,10621
Lucas Wilson,Password123!,10634,677-393-0854,Junior Data Engineer,"New York, NY",160303.12,10621
Noah Jones,Password123!,10635,774-026-4549,Senior Data Engineer,"Hunt Valley, MD",152247.51,10621
Oliver Martinez,Password123!,10636,894-868-4708,Senior Data Engineer,"Hunt Valley, MD",164378.48,10621
Emma Anderson,Password123!,10637,818-134-7814,Senior Data Engineer,"Saint Paul, MN",166531.3,10621
Luna Wilson,Password123!,10638,944-776-3584,Senior Data Engineer,"Hunt Valley, MD",163553.87,10621
Liam Miller,Password123!,10639,655-486-1220,Junior Data Engineer,"Hartford, CT",105419.83,10621
Theodore Anderson,Password123!,10640,696-490-9041,Junior Data Engineer,"Hunt Valley, MD",100803.75,10621
Jacob Rodriguez,Password123!,10641,836-546-0537,HR Manager,"Saint Paul, MN",121018.42,10000
Charlotte Williams,Password123!,10642,853-436-6089,HR Specialist,"Hunt Valley, MD",68548.79,10641
Sophia Anderson,Password123!,10643,607-062-1299,HR Specialist,"New York, NY",97851.19,10641
Henry Jones,Password123!,10644,631-568-9927,HR Representative,"Hunt Valley, MD",47769.47,10641
Liam Lettick,Password123!,10645,797-140-5759,HR Specialist,"Hunt Valley, MD",65229.06,10641
Noah Williams,Password123!,10646,873-487-8707,HR Representative,"Hunt Valley, MD",50119.79,10641
Noah Wilson,Password123!,10647,618-618-1778,HR Specialist,"Hunt Valley, MD",72241.79,10641
Elijah Anderson,Password123!,10648,682-612-8924,HR Specialist,"Hunt Valley, MD",67992.18,10641
Elijah Wilson,Password123!,10649,644-826-6377,HR Specialist,"Saint Paul, MN",69495.69,10641
Mia Lettick,Password123!,10650,963-274-0980,HR Specialist,"New York, NY",95816.58,10641
Evelyn Martinez,Password123!,10651,751-071-9278,HR Representative,"Hartford, CT",52882.71,10641
Sophia Brown,Password123!,10652,952-231-9046,HR Specialist,"Hartford, CT",77261.21,10641
Liam Martinez,Password123!,10653,995-164-4624,HR Representative,"Hartford, CT",57396.94,10641
Benjamin Johnson,Password123!,10654,645-431-6244,HR Representative,"Hunt Valley, MD",51060.56,10641
Theodore Rodriguez,Password123!,10655,805-638-4869,HR Representative,"New York, NY",78661.21,10641
Oliver Thomas,Password123!,10656,651-741-5718,HR Representative,"Hunt Valley, MD",49948.56,10641
Emma Thomas,Password123!,10657,906-566-3443,HR Representative,"Saint Paul, MN",50257.62,10641
Luna Rodriguez,Password123!,10658,806-170-1158,HR Specialist,"Saint Paul, MN",69831.7,10641
Evelyn Garcia,Password123!,10659,915-627-4381,HR Representative,"Saint Paul, MN",47305.39,10641
Charlotte Brown,Password123!,10660,731-645-4176,HR Specialist,"Hunt Valley, MD",67115.83,10641
Benjamin Jones,Password123!,10661,627-119-3948,HR Manager,"Hartford, CT",130143.66,10000
Jacob Rodriguez,Password123!,10662,685-820-6568,HR Representative,"Hunt Valley, MD",45852.43,10661
Benjamin Rodriguez,Password123!,10663,752-480-0177,HR Specialist,"Saint Paul, MN",72059.94,10661
Theodore Jackson,Password123!,10664,757-728-9868,HR Specialist,"Hunt Valley, MD",65849.41,10661
Ava Lopez,Password123!,10665,881-152-0932,HR Representative,"Hartford, CT",50682.05,10661
Theodore Jones,Password123!,10666,657-670-5306,HR Representative,"New York, NY",76044.24,10661
Ava Johnson,Password123!,10667,806-805-4882,HR Specialist,"New York, NY",101127.19,10661
Lucas Ramdial,Password123!,10668,825-342-9822,HR Specialist,"Saint Paul, MN",64865.5,10661
Sophia Anderson,Password123!,10669,696-841-5826,HR Specialist,"Saint Paul, MN",70770.58,10661
Noah Martinez,Password123!,10670,752-436-2967,HR Representative,"Hunt Valley, MD",48225.49,10661
James Jones,Password123!,10671,644-127-4142,HR Specialist,"Hartford, CT",75035.2,10661
Charlotte Williams,Password123!,10672,650-027-7140,HR Representative,"Hunt Valley, MD",50737.98,10661
Oliver Moore,Password123!,10673,800-096-7096,HR Representative,"Saint Paul, MN",46618.63,10661
Lucas Downey,Password123!,10674,984-084-1459,HR Specialist,"Saint Paul, MN",65583.78,10661
Theodore Wilson,Password123!,10675,912-187-1936,HR Specialist,"Hartford, CT",76489.94,10661
Jacob Garcia,Password123!,10676,851-279-3898,HR Representative,"New York, NY",74774.37,10661
Evelyn Anderson,Password123!,10677,955-404-4271,HR Specialist,"Hunt Valley, MD",65148.84,10661
Lucas Anderson,Password123!,10678,934-147-2551,HR Specialist,"New York, NY",98848.78,10661
Isabella Thomas,Password123!,10679,719-057-3940,HR Representative,"Saint Paul, MN",52213.95,10661
Liam Ramdial,Password123!,10680,615-110-9331,HR Representative,"Saint Paul, MN",46452.73,10661
Benjamin Smith,Password123!,10681,998-653-7707,Software Engineer Manager,"New York, NY",279572.59,10000
Mia Brown,Password123!,10682,699-735-9636,Junior Software Engineer,"Hartford, CT",97659.98,10681
Sophia Smith,Password123!,10683,813-813-1220,Senior Software Engineer,"Hunt Valley, MD",152574.65,10681
Jacob Jones,Password123!,10684,649-126-2853,Junior Software Engineer,"Hartford, CT",93165.63,10681
Benjamin Davis,Password123!,10685,968-010-3845,Senior Software Engineer,"New York, NY",203825.2,10681
Olivia Johnson,Password123!,10686,749-038-9324,Senior Software Engineer,"Hartford, CT",149824.45,10681
Ava Hernandez,Password123!,10687,628-316-5914,Junior Software Engineer,"New York, NY",123352.01,10681
Jacob Miller,Password123!,10688,926-115-6379,Senior Software Engineer,"Saint Paul, MN",145436.23,10681
Oliver Brown,Password123!,10689,657-060-1895,Senior Software Engineer,"Hartford, CT",157020.58,10681
Jacob Miller,Password123!,10690,637-262-0415,Junior Software Engineer,"New York, NY",123475.53,10681
Elijah Williams,Password123!,10691,927-437-8152,Junior Software Engineer,"Hunt Valley, MD",88632.6,10681
Mia Martinez,Password123!,10692,793-073-5425,Junior Software Engineer,"Saint Paul, MN",92382.97,10681
Oliver Jones,Password123!,10693,677-314-2355,Junior Software Engineer,"Hunt Valley, MD",90271.01,10681
Luna Williams,Password123!,10694,820-636-5091,Senior Software Engineer,"New York, NY",214185.48,10681
Oliver Ramdial,Password123!,10695,611-078-0017,Junior Software Engineer,"Hunt Valley, MD",85684.61,10681
Amelia Hernandez,Password123!,10696,766-273-1652,Senior Software Engineer,"Hunt Valley, MD",146149.56,10681
Charlotte Martinez,Password123!,10697,793-775-4879,Junior Software Engineer,"Hunt Valley, MD",88177.83,10681
Liam Moore,Password123!,10698,611-105-6581,Senior Software Engineer,"Saint Paul, MN",150694.21,10681
Emma Wilson,Password123!,10699,973-560-3624,Junior Software Engineer,"New York, NY",136465.9,10681
Benjamin Lettick,Password123!,10700,778-104-4043,Junior Software Engineer,"Hunt Valley, MD",93037.89,10681
Liam Wilson,Password123!,10701,741-308-5045,Data Engineer Manager,"New York, NY",261155.24,10000
Oliver Thomas,Password123!,10702,872-499-4536,Junior Data Engineer,"Saint Paul, MN",97456.56,10701
Ava Wilson,Password123!,10703,878-632-9258,Junior Data Engineer,"Hunt Valley, MD",105063.46,10701
Liam Jackson,Password123!,10704,941-232-3681,Junior Data Engineer,"Saint Paul, MN",105922.52,10701
Isabella Hernandez,Password123!,10705,816-279-4468,Junior Data Engineer,"New York, NY",147051.83,10701
Mia Wilson,Password123!,10706,882-399-4078,Junior Data Engineer,"New York, NY",144403.31,10701
Charlotte Johnson,Password123!,10707,685-807-7841,Junior Data Engineer,"Hartford, CT",112285.94,10701
James Rodriguez,Password123!,10708,913-373-2476,Junior Data Engineer,"Saint Paul, MN",97293.51,10701
Benjamin Garcia,Password123!,10709,982-206-7994,Senior Data Engineer,"Saint Paul, MN",146048.22,10701
Elijah Anderson,Password123!,10710,702-746-8313,Junior Data Engineer,"Saint Paul, MN",95661.29,10701
Sophia Lettick,Password123!,10711,729-613-6734,Junior Data Engineer,"New York, NY",161123.42,10701
Noah Lettick,Password123!,10712,818-029-4204,Junior Data Engineer,"Saint Paul, MN",96053.2,10701
Theodore Williams,Password123!,10713,972-166-8043,Senior Data Engineer,"New York, NY",225147.81,10701
Noah Martinez,Password123!,10714,789-876-3812,Senior Data Engineer,"Hartford, CT",156800.5,10701
Olivia Davis,Password123!,10715,972-866-8552,Senior Data Engineer,"Saint Paul, MN",160040.25,10701
Charlotte Jackson,Password123!,10716,616-041-4624,Senior Data Engineer,"Hunt Valley, MD",146905.4,10701
Liam Johnson,Password123!,10717,749-616-2973,Senior Data Engineer,"New York, NY",230093.99,10701
Sophia Jones,Password123!,10718,889-644-7306,Junior Data Engineer,"Saint Paul, MN",97286.53,10701
Jacob Jackson,Password123!,10719,891-254-1402,Junior Data Engineer,"Hunt Valley, MD",104628.74,10701
William Lopez,Password123!,10720,981-256-5293,Senior Data Engineer,"Hartford, CT",172709.87,10701
William Davis,Password123!,10721,713-600-2588,Data Engineer Manager,"New York, NY",275792.86,10000
James Brown,Password123!,10722,631-814-0908,Senior Data Engineer,"Saint Paul, MN",163816.11,10721
Luna Jones,Password123!,10723,941-751-5498,Junior Data Engineer,"Hunt Valley, MD",101661.56,10721
Amelia Moore,Password123!,10724,685-180-9231,Junior Data Engineer,"Saint Paul, MN",104451.37,10721
Mia Jackson,Password123!,10725,945-244-4090,Junior Data Engineer,"Hunt Valley, MD",104564.58,10721
Henry Smith,Password123!,10726,830-109-6389,Senior Data Engineer,"Hartford, CT",173927.29,10721
Noah Johnson,Password123!,10727,778-318-3019,Senior Data Engineer,"Saint Paul, MN",166048.58,10721
Noah Lopez,Password123!,10728,612-441-7070,Senior Data Engineer,"Hartford, CT",174660.2,10721
Noah Jones,Password123!,10729,906-555-3082,Junior Data Engineer,"Hartford, CT",104567.55,10721
Amelia Wilson,Password123!,10730,762-361-4152,Junior Data Engineer,"Hartford, CT",116409.52,10721
Henry Wilson,Password123!,10731,932-021-2276,Senior Data Engineer,"Hartford, CT",172590.16,10721
Mia Lopez,Password123!,10732,752-162-4620,Senior Data Engineer,"Hartford, CT",176955.11,10721
Charlotte Jones,Password123!,10733,710-671-3556,Junior Data Engineer,"New York, NY",149444.39,10721
Liam Davis,Password123!,10734,974-520-5867,Senior Data Engineer,"Saint Paul, MN",168672.66,10721
Henry Anderson,Password123!,10735,835-335-1313,Senior Data Engineer,"Saint Paul, MN",156016.27,10721
Liam Hernandez,Password123!,10736,637-634-7778,Junior Data Engineer,"Hunt Valley, MD",95346.63,10721
James Downey,Password123!,10737,879-757-2472,Senior Data Engineer,"Saint Paul, MN",155513.96,10721
Olivia Davis,Password123!,10738,788-010-3419,Junior Data Engineer,"Hartford, CT",115177.1,10721
Evelyn Thomas,Password123!,10739,751-312-0024,Senior Data Engineer,"New York, NY",231933.17,10721
Emma Jones,Password123!,10740,887-028-6655,Junior Data Engineer,"Saint Paul, MN",107551.13,10721
Liam Johnson,Password123!,10741,805-802-1129,Software Engineer Manager,"New York, NY",282017.27,10000
Oliver Garcia,Password123!,10742,975-052-9094,Junior Software Engineer,"Hunt Valley, MD",86832.91,10741
Liam Rodriguez,Password123!,10743,994-341-5344,Senior Software Engineer,"Hunt Valley, MD",136829.79,10741
Olivia Jones,Password123!,10744,902-333-7850,Senior Software Engineer,"New York, NY",199299.88,10741
William Moore,Password123!,10745,766-164-6177,Senior Software Engineer,"Saint Paul, MN",142060.19,10741
Sophia Anderson,Password123!,10746,767-244-5922,Senior Software Engineer,"New York, NY",213379.49,10741
Sophia Jackson,Password123!,10747,687-166-7730,Junior Software Engineer,"Saint Paul, MN",88747.92,10741
Theodore Lopez,Password123!,10748,676-242-4127,Junior Software Engineer,"Saint Paul, MN",83451.38,10741
Sophia Davis,Password123!,10749,945-348-1281,Senior Software Engineer,"Saint Paul, MN",142092.07,10741
Liam Johnson,Password123!,10750,676-218-7589,Senior Software Engineer,"Hartford, CT",153806.14,10741
Elijah Martinez,Password123!,10751,769-709-9981,Senior Software Engineer,"New York, NY",223920.94,10741
Henry Ramdial,Password123!,10752,656-118-5765,Junior Software Engineer,"Saint Paul, MN",84803.16,10741
Jacob Anderson,Password123!,10753,613-349-0609,Junior Software Engineer,"Hartford, CT",98868.76,10741
Sophia Lettick,Password123!,10754,659-825-2358,Senior Software Engineer,"Saint Paul, MN",139211.52,10741
Luna Anderson,Password123!,10755,865-089-6046,Senior Software Engineer,"New York, NY",214505.96,10741
Mia Jackson,Password123!,10756,783-624-0778,Junior Software Engineer,"Hartford, CT",89135.78,10741
Sophia Garcia,Password123!,10757,950-038-9090,Junior Software Engineer,"New York, NY",133428.36,10741
Noah Wilson,Password123!,10758,769-048-5453,Senior Software Engineer,"Hartford, CT",158437.71,10741
Oliver Davis,Password123!,10759,723-021-0335,Senior Software Engineer,"Hartford, CT",166408.32,10741
Liam Downey,Password123!,10760,848-270-2285,Junior Software Engineer,"Saint Paul, MN",93687.41,10741
Liam Wilson,Password123!,10761,924-497-9259,HR Manager,"New York, NY",159904.0,10000
Sophia Wilson,Password123!,10762,861-621-4302,HR Specialist,"Hartford, CT",70575.96,10761
Theodore Brown,Password123!,10763,748-544-2873,HR Representative,"Hartford, CT",51017.51,10761
James Lettick,Password123!,10764,793-259-5861,HR Representative,"New York, NY",76214.9,10761
Emma Rodriguez,Password123!,10765,791-500-8999,HR Representative,"New York, NY",78857.86,10761
Henry Jones,Password123!,10766,799-664-1906,HR Representative,"New York, NY",76289.42,10761
Ava Hernandez,Password123!,10767,740-686-0267,HR Specialist,"Hartford, CT",76924.74,10761
Lucas Moore,Password123!,10768,952-710-8214,HR Specialist,"Hartford, CT",74848.37,10761
Henry Davis,Password123!,10769,941-610-4614,HR Representative,"Hunt Valley, MD",46424.69,10761
Oliver Lopez,Password123!,10770,881-699-5830,HR Specialist,"Saint Paul, MN",71068.75,10761
Luna Thomas,Password123!,10771,805-224-4580,HR Specialist,"New York, NY",97093.55,10761
Theodore Martinez,Password123!,10772,812-683-3911,HR Specialist,"Hunt Valley, MD",68797.81,10761
Elijah Jones,Password123!,10773,899-479-4793,HR Specialist,"Hunt Valley, MD",64679.99,10761
William Downey,Password123!,10774,637-767-3861,HR Representative,"Saint Paul, MN",52118.86,10761
Elijah Johnson,Password123!,10775,767-414-2693,HR Representative,"Hartford, CT",55750.63,10761
Noah Downey,Password123!,10776,673-741-2290,HR Specialist,"Hartford, CT",77232.47,10761
Theodore Jackson,Password123!,10777,916-051-8167,HR Representative,"New York, NY",72678.26,10761
Charlotte Garcia,Password123!,10778,753-756-1089,HR Representative,"Saint Paul, MN",50674.81,10761
Benjamin Anderson,Password123!,10779,837-271-8626,HR Specialist,"Hartford, CT",77503.75,10761
Liam Wilson,Password123!,10780,918-767-6486,HR Representative,"Hunt Valley, MD",47772.64,10761
James Jackson,Password123!,10781,793-427-7874,Data Engineer Manager,"Saint Paul, MN",183327.68,10000
Oliver Johnson,Password123!,10782,954-591-7838,Junior Data Engineer,"Hunt Valley, MD",107470.4,10781
James Williams,Password123!,10783,937-125-1558,Junior Data Engineer,"New York, NY",157832.15,10781
Jacob Wilson,Password123!,10784,805-711-0249,Junior Data Engineer,"New York, NY",156851.14,10781
Isabella Lettick,Password123!,10785,619-639-9434,Senior Data Engineer,"Hartford, CT",159605.04,10781
Mia Johnson,Password123!,10786,954-329-0886,Senior Data Engineer,"Hunt Valley, MD",143750.09,10781
Mia Smith,Password123!,10787,799-378-3958,Junior Data Engineer,"Hartford, CT",107414.72,10781
Sophia Smith,Password123!,10788,940-616-8702,Junior Data Engineer,"Hartford, CT",114234.18,10781
Isabella Martinez,Password123!,10789,609-088-3192,Senior Data Engineer,"Hunt Valley, MD",162162.71,10781
Elijah Miller,Password123!,10790,786-100-0330,Junior Data Engineer,"Hunt Valley, MD",103992.88,10781
Benjamin Johnson,Password123!,10791,643-596-5449,Senior Data Engineer,"Saint Paul, MN",162010.92,10781
Benjamin Garcia,Password123!,10792,772-800-9477,Senior Data Engineer,"Hunt Valley, MD",160523.71,10781
Theodore Ramdial,Password123!,10793,870-025-5716,Junior Data Engineer,"Hartford, CT",112647.28,10781
Elijah Brown,Password123!,10794,876-489-4882,Junior Data Engineer,"Hunt Valley, MD",100979.98,10781
Ava Rodriguez,Password123!,10795,827-721-2724,Senior Data Engineer,"New York, NY",230367.95,10781
Liam Moore,Password123!,10796,714-098-4643,Junior Data Engineer,"Saint Paul, MN",97974.38,10781
Luna Johnson,Password123!,10797,653-014-7905,Junior Data Engineer,"Saint Paul, MN",95352.97,10781
Isabella Hernandez,Password123!,10798,721-699-8713,Junior Data Engineer,"Saint Paul, MN",99745.08,10781
Evelyn Martinez,Password123!,10799,693-189-6612,Senior Data Engineer,"Saint Paul, MN",168972.11,10781
Amelia Thomas,Password123!,10800,950-733-3800,Junior Data Engineer,"New York, NY",151010.18,10781
Jacob Smith,Password123!,10801,959-865-2242,HR Manager,"Hunt Valley, MD",116929.86,10000
Lucas Downey,Password123!,10802,962-457-0867,HR Specialist,"Hunt Valley, MD",71242.43,10801
Ava Lopez,Password123!,10803,660-146-3275,HR Representative,"Hartford, CT",52874.2,10801
Liam Jones,Password123!,10804,698-096-5054,HR Specialist,"New York, NY",96546.49,10801
Noah Miller,Password123!,10805,693-627-0381,HR Representative,"Saint Paul, MN",48686.02,10801
Charlotte Hernandez,Password123!,10806,851-815-9949,HR Representative,"Saint Paul, MN",50342.96,10801
Isabella Jones,Password123!,10807,928-593-7579,HR Representative,"Saint Paul, MN",51396.7,10801
Evelyn Johnson,Password123!,10808,721-846-8043,HR Representative,"New York, NY",76267.71,10801
Mia Jones,Password123!,10809,689-239-3288,HR Representative,"Hartford, CT",54450.17,10801
Luna Davis,Password123!,10810,703-251-9647,HR Specialist,"Hartford, CT",71509.97,10801
Jacob Anderson,Password123!,10811,616-116-1073,HR Specialist,"Saint Paul, MN",73067.9,10801
Mia Williams,Password123!,10812,750-761-4804,HR Specialist,"Hunt Valley, MD",64893.25,10801
Elijah Ramdial,Password123!,10813,819-068-1512,HR Specialist,"Hunt Valley, MD",66619.42,10801
Henry Rodriguez,Password123!,10814,715-705-6693,HR Specialist,"Hunt Valley, MD",67833.17,10801
Noah Thomas,Password123!,10815,850-857-2109,HR Specialist,"Saint Paul, MN",66809.54,10801
Noah Hernandez,Password123!,10816,869-421-6783,HR Specialist,"New York, NY",106829.52,10801
Emma Johnson,Password123!,10817,808-618-9821,HR Representative,"Hartford, CT",50441.89,10801
Luna Lopez,Password123!,10818,666-182-7866,HR Specialist,"Hartford, CT",72568.07,10801
Olivia Brown,Password123!,10819,892-578-6184,HR Specialist,"Hartford, CT",69299.63,10801
Lucas Anderson,Password123!,10820,636-371-4331,HR Specialist,"New York, NY",94741.38,10801
Sophia Brown,Password123!,10821,727-039-5123,HR Manager,"Saint Paul, MN",120306.49,10000
Liam Hernandez,Password123!,10822,925-468-2171,HR Representative,"New York, NY",69930.4,10821
Benjamin Rodriguez,Password123!,10823,954-843-4699,HR Specialist,"New York, NY",97611.93,10821
Sophia Williams,Password123!,10824,627-803-0476,HR Specialist,"Hunt Valley, MD",71359.82,10821
Jacob Lopez,Password123!,10825,999-081-1389,HR Specialist,"Saint Paul, MN",63891.79,10821
Elijah Miller,Password123!,10826,728-061-9502,HR Representative,"Hartford, CT",49848.98,10821
Sophia Williams,Password123!,10827,877-071-6987,HR Representative,"Hunt Valley, MD",51135.16,10821
Elijah Williams,Password123!,10828,850-012-3481,HR Specialist,"Hunt Valley, MD",69951.27,10821
Ava Jones,Password123!,10829,915-322-6623,HR Specialist,"Hartford, CT",76768.28,10821
Ava Moore,Password123!,10830,889-769-0557,HR Specialist,"Hartford, CT",72818.53,10821
Ava Brown,Password123!,10831,635-799-2525,HR Representative,"Hunt Valley, MD",46678.57,10821
Theodore Brown,Password123!,10832,902-565-1905,HR Representative,"Hunt Valley, MD",46586.37,10821
Jacob Johnson,Password123!,10833,610-746-3222,HR Specialist,"Hartford, CT",68191.74,10821
Ava Williams,Password123!,10834,966-075-5069,HR Specialist,"New York, NY",95341.6,10821
Lucas Moore,Password123!,10835,799-463-9142,HR Specialist,"Saint Paul, MN",71008.1,10821
Jacob Lettick,Password123!,10836,962-206-3257,HR Specialist,"Saint Paul, MN",71207.24,10821
Lucas Jones,Password123!,10837,658-229-3230,HR Specialist,"Hartford, CT",78425.54,10821
William Wilson,Password123!,10838,981-099-3391,HR Representative,"Hartford, CT",56955.74,10821
Ava Davis,Password123!,10839,831-385-4651,HR Specialist,"Saint Paul, MN",63988.19,10821
Emma Ramdial,Password123!,10840,823-416-3248,HR Specialist,"New York, NY",95175.15,10821
Charlotte Downey,Password123!,10841,751-073-4073,Software Engineer Manager,"Hunt Valley, MD",182065.07,10000
Ava Johnson,Password123!,10842,915-409-9809,Junior Software Engineer,"New York, NY",137350.1,10841
Noah Garcia,Password123!,10843,840-678-3318,Senior Software Engineer,"Hartford, CT",150547.84,10841
Sophia Rodriguez,Password123!,10844,738-584-5201,Junior Software Engineer,"New York, NY",136488.74,10841
Theodore Wilson,Password123!,10845,708-718-2054,Junior Software Engineer,"Saint Paul, MN",82938.41,10841
William Lopez,Password123!,10846,870-218-2306,Junior Software Engineer,"New York, NY",129696.46,10841
Liam Hernandez,Password123!,10847,756-733-2632,Senior Software Engineer,"New York, NY",225156.05,10841
Emma Moore,Password123!,10848,795-057-6528,Senior Software Engineer,"Saint Paul, MN",142340.25,10841
Theodore Davis,Password123!,10849,625-708-2305,Senior Software Engineer,"Saint Paul, MN",138883.35,10841
Liam Smith,Password123!,10850,617-025-3285,Senior Software Engineer,"Hunt Valley, MD",146745.68,10841
Lucas Garcia,Password123!,10851,810-326-1412,Senior Software Engineer,"Hunt Valley, MD",149198.46,10841
Liam Hernandez,Password123!,10852,784-721-6645,Junior Software Engineer,"Saint Paul, MN",84866.93,10841
Mia Martinez,Password123!,10853,916-565-6948,Junior Software Engineer,"Hunt Valley, MD",88009.95,10841
Theodore Brown,Password123!,10854,647-416-4492,Senior Software Engineer,"Hunt Valley, MD",148901.48,10841
Liam Thomas,Password123!,10855,752-315-3873,Junior Software Engineer,"New York, NY",131923.38,10841
Olivia Martinez,Password123!,10856,705-561-6371,Junior Software Engineer,"Saint Paul, MN",86706.05,10841
Noah Rodriguez,Password123!,10857,643-428-6810,Junior Software Engineer,"New York, NY",140580.66,10841
Mia Johnson,Password123!,10858,667-491-7127,Junior Software Engineer,"New York, NY",134984.49,10841
Amelia Williams,Password123!,10859,924-598-4602,Senior Software Engineer,"New York, NY",221651.53,10841
Elijah Johnson,Password123!,10860,733-785-6813,Senior Software Engineer,"New York, NY",217585.03,10841
Noah Lopez,Password123!,10861,926-363-8955,Software Engineer Manager,"New York, NY",266968.71,10000
Noah Anderson,Password123!,10862,905-766-4410,Senior Software Engineer,"Hunt Valley, MD",135378.09,10861
Theodore Martinez,Password123!,10863,804-501-5453,Junior Software Engineer,"Saint Paul, MN",86277.83,10861
William Downey,Password123!,10864,811-386-2032,Junior Software Engineer,"Hunt Valley, MD",90048.66,10861
Noah Anderson,Password123!,10865,658-787-5418,Junior Software Engineer,"Hunt Valley, MD",83559.29,10861
Elijah Hernandez,Password123!,10866,900-104-6912,Senior Software Engineer,"Hartford, CT",152787.89,10861
Evelyn Brown,Password123!,10867,956-570-9773,Senior Software Engineer,"Hunt Valley, MD",145438.04,10861
Isabella Lopez,Password123!,10868,958-387-0764,Junior Software Engineer,"Hunt Valley, MD",85742.17,10861
Lucas Smith,Password123!,10869,842-735-5603,Senior Software Engineer,"Hunt Valley, MD",133267.97,10861
Mia Moore,Password123!,10870,898-383-2393,Senior Software Engineer,"New York, NY",198456.15,10861
Oliver Brown,Password123!,10871,975-042-6740,Senior Software Engineer,"New York, NY",197707.8,10861
James Anderson,Password123!,10872,690-109-4952,Junior Software Engineer,"Hartford, CT",91689.45,10861
Ava Davis,Password123!,10873,726-385-5390,Junior Software Engineer,"Saint Paul, MN",95589.27,10861
Mia Smith,Password123!,10874,905-276-1902,Senior Software Engineer,"Hunt Valley, MD",132678.36,10861
Emma Lopez,Password123!,10875,756-109-7837,Junior Software Engineer,"Hartford, CT",99804.6,10861
Isabella Lettick,Password123!,10876,606-072-4688,Junior Software Engineer,"Hunt Valley, MD",93598.99,10861
Olivia Hernandez,Password123!,10877,834-749-4254,Senior Software Engineer,"Saint Paul, MN",146023.59,10861
Emma Jones,Password123!,10878,813-306-1904,Junior Software Engineer,"Hunt Valley, MD",81375.12,10861
Liam Anderson,Password123!,10879,827-706-0875,Junior Software Engineer,"Saint Paul, MN",92029.03,10861
Liam Garcia,Password123!,10880,923-285-6797,Senior Software Engineer,"Hartford, CT",155864.32,10861
Noah Jones,Password123!,10881,848-434-9596,HR Manager,"Hartford, CT",128836.42,10000
Noah Hernandez,Password123!,10882,675-558-1771,HR Representative,"Saint Paul, MN",53510.22,10881
Mia Ramdial,Password123!,10883,756-837-2610,HR Representative,"Hunt Valley, MD",51321.1,10881
Mia Ramdial,Password123!,10884,664-507-5873,HR Specialist,"Saint Paul, MN",72786.83,10881
James Miller,Password123!,10885,631-347-6301,HR Representative,"New York, NY",77421.05,10881
Elijah Hernandez,Password123!,10886,641-687-5255,HR Representative,"Hartford, CT",51849.12,10881
Amelia Johnson,Password123!,10887,678-611-6146,HR Representative,"Hunt Valley, MD",52800.05,10881
James Jackson,Password123!,10888,838-222-3451,HR Specialist,"Hartford, CT",72919.19,10881
Evelyn Wilson,Password123!,10889,636-373-8260,HR Specialist,"Saint Paul, MN",66995.84,10881
Ava Garcia,Password123!,10890,870-787-7527,HR Representative,"Hartford, CT",51503.61,10881
Mia Jones,Password123!,10891,909-295-7696,HR Representative,"New York, NY",74331.09,10881
Noah Thomas,Password123!,10892,856-183-7828,HR Specialist,"Saint Paul, MN",73306.94,10881
Jacob Davis,Password123!,10893,924-505-4340,HR Specialist,"Hunt Valley, MD",71965.85,10881
Mia Williams,Password123!,10894,740-781-4896,HR Specialist,"New York, NY",96093.7,10881
Ava Davis,Password123!,10895,615-768-0727,HR Representative,"New York, NY",78974.06,10881
James Davis,Password123!,10896,752-668-0044,HR Representative,"Hartford, CT",51586.72,10881
Ava Martinez,Password123!,10897,657-146-9839,HR Representative,"Saint Paul, MN",46559.28,10881
William Jackson,Password123!,10898,872-242-9008,HR Representative,"Hunt Valley, MD",49281.6,10881
Isabella Johnson,Password123!,10899,820-531-3163,HR Representative,"Hunt Valley, MD",52393.24,10881
Emma Wilson,Password123!,10900,839-163-6930,HR Specialist,"Hartford, CT",70573.43,10881
James Hernandez,Password123!,10901,745-329-9155,Software Engineer Manager,"Hartford, CT",188215.3,10000
James Miller,Password123!,10902,839-848-3842,Junior Software Engineer,"Saint Paul, MN",85143.25,10901
Henry Smith,Password123!,10903,761-805-4001,Senior Software Engineer,"Saint Paul, MN",145013.82,10901
Liam Ramdial,Password123!,10904,885-546-8779,Junior Software Engineer,"New York, NY",125892.14,10901
Mia Garcia,Password123!,10905,873-007-7147,Junior Software Engineer,"New York, NY",127416.92,10901
Elijah Miller,Password123!,10906,802-689-8806,Senior Software Engineer,"New York, NY",222966.75,10901
Olivia Jackson,Password123!,10907,665-561-5794,Junior Software Engineer,"Saint Paul, MN",94521.28,10901
Olivia Smith,Password123!,10908,703-634-8479,Senior Software Engineer,"Saint Paul, MN",139339.85,10901
Oliver Lettick,Password123!,10909,997-191-9042,Junior Software Engineer,"New York, NY",139698.71,10901
Mia Lopez,Password123!,10910,966-001-7776,Junior Software Engineer,"Hartford, CT",94488.86,10901
Elijah Brown,Password123!,10911,997-025-8999,Senior Software Engineer,"Saint Paul, MN",154258.57,10901
Sophia Jackson,Password123!,10912,604-204-3646,Senior Software Engineer,"Hunt Valley, MD",149549.14,10901
Elijah Hernandez,Password123!,10913,839-362-1315,Senior Software Engineer,"Hunt Valley, MD",141087.32,10901
Noah Jones,Password123!,10914,601-101-4967,Junior Software Engineer,"Saint Paul, MN",93809.36,10901
Charlotte Miller,Password123!,10915,698-562-5166,Junior Software Engineer,"Hunt Valley, MD",87911.49,10901
James Garcia,Password123!,10916,970-076-3216,Junior Software Engineer,"Saint Paul, MN",88529.41,10901
Isabella Wilson,Password123!,10917,926-835-2872,Senior Software Engineer,"Hartford, CT",145443.68,10901
James Lopez,Password123!,10918,973-594-1034,Senior Software Engineer,"Hartford, CT",151766.99,10901
James Miller,Password123!,10919,809-344-6458,Senior Software Engineer,"Saint Paul, MN",151928.65,10901
Emma Lettick,Password123!,10920,973-433-9828,Junior Software Engineer,"Saint Paul, MN",84402.18,10901
Jacob Lopez,Password123!,10921,998-188-3183,Data Engineer Manager,"Saint Paul, MN",174422.2,10000
Jacob Martinez,Password123!,10922,950-686-9967,Junior Data Engineer,"Saint Paul, MN",99986.01,10921
William Miller,Password123!,10923,655-010-2321,Senior Data Engineer,"Hunt Valley, MD",159622.47,10921
Oliver Lopez,Password123!,10924,611-669-6966,Junior Data Engineer,"Hunt Valley, MD",94908.5,10921
William Wilson,Password123!,10925,613-485-5246,Junior Data Engineer,"Saint Paul, MN",99528.67,10921
William Downey,Password123!,10926,822-559-2501,Senior Data Engineer,"New York, NY",230801.85,10921
Olivia Johnson,Password123!,10927,920-791-8848,Senior Data Engineer,"New York, NY",226624.64,10921
Sophia Thomas,Password123!,10928,600-470-5486,Senior Data Engineer,"Hunt Valley, MD",163198.59,10921
Noah Jones,Password123!,10929,924-655-3343,Junior Data Engineer,"Saint Paul, MN",107777.08,10921
Theodore Jones,Password123!,10930,656-086-5180,Junior Data Engineer,"Hartford, CT",109277.95,10921
Henry Downey,Password123!,10931,975-369-7901,Junior Data Engineer,"Hunt Valley, MD",104042.92,10921
Lucas Brown,Password123!,10932,993-664-7353,Senior Data Engineer,"Hartford, CT",160208.12,10921
Charlotte Williams,Password123!,10933,888-888-0654,Senior Data Engineer,"Hunt Valley, MD",157934.67,10921
Evelyn Jackson,Password123!,10934,979-275-7541,Junior Data Engineer,"Hartford, CT",104892.66,10921
Emma Downey,Password123!,10935,716-778-1106,Junior Data Engineer,"Hunt Valley, MD",102506.53,10921
Ava Brown,Password123!,10936,720-118-3610,Junior Data Engineer,"Hunt Valley, MD",107848.9,10921
Henry Moore,Password123!,10937,666-361-5619,Junior Data Engineer,"Saint Paul, MN",99323.5,10921
Mia Brown,Password123!,10938,830-882-3440,Junior Data Engineer,"Hartford, CT",104612.05,10921
Charlotte Jones,Password123!,10939,718-085-3130,Senior Data Engineer,"Hunt Valley, MD",149925.25,10921
Noah Hernandez,Password123!,10940,730-856-0961,Junior Data Engineer,"Saint Paul, MN",99677.84,10921
Benjamin Lettick,Password123!,10941,666-248-2029,HR Manager,"Saint Paul, MN",111109.12,10000
Isabella Johnson,Password123!,10942,613-305-8556,HR Representative,"Saint Paul, MN",47560.35,10941
Evelyn Brown,Password123!,10943,859-710-8802,HR Representative,"New York, NY",76165.74,10941
Ava Martinez,Password123!,10944,989-209-2335,HR Specialist,"New York, NY",100861.55,10941
Evelyn Jones,Password123!,10945,928-476-8916,HR Representative,"Saint Paul, MN",51376.33,10941
Benjamin Miller,Password123!,10946,740-498-4385,HR Specialist,"New York, NY",97042.71,10941
Noah Smith,Password123!,10947,904-634-9275,HR Representative,"New York, NY",69435.95,10941
Olivia Smith,Password123!,10948,750-096-4384,HR Representative,"Hunt Valley, MD",52401.61,10941
Oliver Jackson,Password123!,10949,615-814-7234,HR Representative,"New York, NY",71713.31,10941
Amelia Brown,Password123!,10950,728-757-3605,HR Specialist,"Saint Paul, MN",70192.98,10941
William Garcia,Password123!,10951,643-059-9418,HR Specialist,"Hunt Valley, MD",63981.64,10941
Benjamin Anderson,Password123!,10952,966-381-4190,HR Specialist,"Saint Paul, MN",71343.58,10941
Henry Garcia,Password123!,10953,764-322-3280,HR Specialist,"Hartford, CT",68015.62,10941
James Jackson,Password123!,10954,604-688-0590,HR Specialist,"Hartford, CT",71556.66,10941
Charlotte Moore,Password123!,10955,998-495-6244,HR Representative,"Saint Paul, MN",46846.7,10941
Elijah Rodriguez,Password123!,10956,663-267-4836,HR Representative,"New York, NY",75303.47,10941
Isabella Smith,Password123!,10957,759-584-6405,HR Representative,"Hunt Valley, MD",45577.17,10941
Elijah Ramdial,Password123!,10958,600-635-4157,HR Specialist,"Hunt Valley, MD",62686.22,10941
Olivia Downey,Password123!,10959,721-632-4600,HR Specialist,"Saint Paul, MN",68583.4,10941
Noah Davis,Password123!,10960,897-401-3328,HR Specialist,"Saint Paul, MN",73456.76,10941
Mia Lettick,Password123!,10961,612-870-5602,HR Manager,"Hartford, CT",123306.28,10000
Evelyn Anderson,Password123!,10962,750-269-8582,HR Representative,"Hunt Valley, MD",46971.13,10961
Mia Anderson,Password123!,10963,759-472-2081,HR Specialist,"Saint Paul, MN",67740.68,10961
Emma Smith,Password123!,10964,813-083-1602,HR Representative,"New York, NY",70607.53,10961
Isabella Lettick,Password123!,10965,716-321-9899,HR Specialist,"Saint Paul, MN",65853.79,10961
Mia Smith,Password123!,10966,743-709-2790,HR Representative,"Hunt Valley, MD",46325.76,10961
Emma Brown,Password123!,10967,647-486-5476,HR Specialist,"Hunt Valley, MD",67374.37,10961
Henry Moore,Password123!,10968,924-611-7127,HR Specialist,"Saint Paul, MN",68356.98,10961
Oliver Rodriguez,Password123!,10969,716-644-0005,HR Representative,"Saint Paul, MN",46997.23,10961
Noah Ramdial,Password123!,10970,824-777-4922,HR Representative,"Saint Paul, MN",53185.15,10961
Olivia Smith,Password123!,10971,973-708-2111,HR Specialist,"Hartford, CT",71104.06,10961
Benjamin Davis,Password123!,10972,605-225-8268,HR Specialist,"Saint Paul, MN",71112.22,10961
Theodore Lopez,Password123!,10973,659-659-2682,HR Representative,"Saint Paul, MN",49732.01,10961
Noah Ramdial,Password123!,10974,838-368-5557,HR Specialist,"New York, NY",96193.75,10961
William Davis,Password123!,10975,667-162-4855,HR Specialist,"New York, NY",107439.82,10961
Sophia Garcia,Password123!,10976,609-092-8303,HR Representative,"Hartford, CT",52803.21,10961
Isabella Anderson,Password123!,10977,980-598-8799,HR Specialist,"Hunt Valley, MD",64032.97,10961
Lucas Lettick,Password123!,10978,812-676-7627,HR Specialist,"Hartford, CT",77432.11,10961
Lucas Thomas,Password123!,10979,876-120-9514,HR Specialist,"Saint Paul, MN",71130.74,10961
Emma Martinez,Password123!,10980,821-358-2515,HR Representative,"Hunt Valley, MD",51125.21,10961
Theodore Downey,Password123!,10981,986-554-3016,Data Engineer Manager,"Hunt Valley, MD",175932.09,10000
Olivia Wilson,Password123!,10982,733-502-1077,Senior Data Engineer,"Hartford, CT",173829.78,10981
Olivia Lettick,Password123!,10983,898-190-7226,Junior Data Engineer,"Hunt Valley, MD",106717.64,10981
Liam Johnson,Password123!,10984,877-689-4068,Senior Data Engineer,"Saint Paul, MN",151926.05,10981
Theodore Davis,Password123!,10985,704-665-3975,Junior Data Engineer,"New York, NY",142183.68,10981
Charlotte Williams,Password123!,10986,730-614-2860,Senior Data Engineer,"Hunt Valley, MD",164751.82,10981
Liam Smith,Password123!,10987,905-844-2760,Senior Data Engineer,"Saint Paul, MN",159741.61,10981
Noah Johnson,Password123!,10988,736-062-4029,Senior Data Engineer,"Hartford, CT",177157.51,10981
Charlotte Johnson,Password123!,10989,963-181-9397,Senior Data Engineer,"Saint Paul, MN",161563.06,10981
Lucas Lettick,Password123!,10990,691-739-9763,Junior Data Engineer,"Hartford, CT",116762.85,10981
Luna Moore,Password123!,10991,657-420-4368,Senior Data Engineer,"Hartford, CT",161022.87,10981
Olivia Brown,Password123!,10992,755-199-3986,Junior Data Engineer,"Saint Paul, MN",97324.09,10981
Liam Hernandez,Password123!,10993,689-324-5235,Junior Data Engineer,"Hartford, CT",117576.67,10981
Emma Lettick,Password123!,10994,764-660-3462,Senior Data Engineer,"New York, NY",242886.62,10981
Noah Miller,Password123!,10995,608-336-2634,Junior Data Engineer,"Saint Paul, MN",104880.33,10981
Sophia Thomas,Password123!,10996,730-320-2650,Senior Data Engineer,"Saint Paul, MN",163534.23,10981
Sophia Lettick,Password123!,10997,764-102-4935,Junior Data Engineer,"New York, NY",142247.01,10981
Oliver Johnson,Password123!,10998,612-182-0105,Junior Data Engineer,"New York, NY",147296.43,10981
William Martinez,Password123!,10999,625-313-5403,Junior Data Engineer,"New York, NY",153913.02,10981
